CLASIFICACIÓN ,DESCRIPCIÓN,CODIGO,MARCA,PROVEEDOR,N° PARTE,MODELO,COSTO UNITARIO,MONEDA,COSTO DE VENTAS,MONEDA
SENSORES,AUTOJOINT HA-TM-31,,HEXAGON,HEXAGON,76300411288954,HA-TM-31,,,,
SENSORES,AUTOJOINT EAGLE.head ap M8/31mm ADAPTER,,PANTEC,PANTEC,35260,,$290.00,USD,$600.00,USD
SENSORES,Cleaning kit,,RENISHAW,RENISHAW,A-1085-0016,-,$20.00,USD,$35.00,USD
SENSORES,PAA1 AUTOJOINT ,,RENISHAW,RENISHAW,A-1051-0417,PAA1,$259.00,USD,$550.00,USD
SENSORES,PAA2 AUTOJOINT ADAPTOR,,RENISHAW,RENISHAW,A-1051-0418,PPA2,$330.40,USD,$600.00,USD
SENSORES,TP20 EXT FORCE MODULE,,RENISHAW,RENISHAW,A-1032-0272 ,TP20 MODULO,$710.50,USD,"$1,100.00",USD
SENSORES,TP20 MED FORCE MODULE,,RENISHAW,RENISHAW,A-1371-0271,TP20 MODULO,$616.00,USD,"$1,100.00",USD
SENSORES,TP20 PROBE BODY KIT,,RENISHAW,RENISHAW,A-1032-0284 (UPG),TP20 BODY,$616.00,USD,$900.00,USD
SENSORES,TP20 STD FORCE MODULE,,RENISHAW,RENISHAW,A-1371-0270-01,TP20 MODULO,$710.50,USD,"$1,100.00",USD
SENSORES,TP6 PROBE RBE,,RENISHAW,RENISHAW,A-1039-0001,TP6,$740.00,USD,"$2,000.00",USD
SENSORES,KIT TP20 EM1 STD | EM2 STD,,RENISHAW,RENISHAW,A-1371-0430,TP20 EM1,"$1,290.00",USD,"$2,550.00",USD
SENSORES,TP2-5W-RBE,,RENISHAW,RENISHAW,A-1042-1890,TP2,$744.00,USD,"$2,000.00",USD
SENSORES,TP20 LOW FORCE MODLE ONLY,,RENISHAW,RENISHAW,A-1371-0392,TP20 MODULO,$710.50,USD,"$1,100.00",USD
SENSORES,SENSOR PARA BRAZO DE BRAVO FCA ESTAMPADOS,,SELEC SENSOR,,B01CF12PSC,,,,,
LICENCIAS,LICENCIA POLYWORKS,,POLYWORKS,INNOVMETRIC ,-,,,USD,,USD
CONTRABALANCES,CONTRABALANCE ACCURATE ASSLY  M-800 BORE-40 STROCK-431,,ACCURATE,ACCURATE,13020408906,,$450.00,USD,"$1,200.00",USD
CONTRABALANCES,CONTRABALANCE CHIAPPEROTTI  ,,CHIAPEROTTI ,CHIAPEROTTI ,G13518500-KIT,SCIROCCO,$500.00,USD,"$1,200.00",USD
CONTRABALANCES,CONTRABALANCE PARA GLOBAL D60010034 ,,CHIAPEROTTI ,CHIAPEROTTI ,D60010034,GLOBAL,$347.00,USD,"$1,200.00",USD
CONTRABALANCES,CONTRABALANCE  G13518700 PARA CMM GHIBLI),,CHIAPEROTTI ,CHIAPEROTTI ,G13518700,GHIBLI,$510.00,USD,"$1,500.00",USD
PATINES,RECTANGULAR AIR BEARINGS R3 SF/P 40x80x12,,MAGER AIR BEARING,MAGER AIR BEARING,WF101R0158000,40x80x12,,-,$950.00,USD
PATINES,RECTANGULAR AIR BEARINGS 140x70x25 / COLOR NEGRO,,TORINO MAGER ITALY,MAGER AIR BEARING,-,140x70x25,,-,$950.00,USD
PATINES,RECTANGULAR AIR BEARINGS 154X79X25,,TORINO MAGER ITALY,MAGER AIR BEARING,-,154x79x25,,-,$950.00,USD
PATINES,RECTANGULAR AIR BEARINGS 30x68x12,,MAGER AIR BEARING,MAGER AIR BEARING,WF101R0157000,30x68x12,,-,$950.00,USD
PATINES,RECTANGULAR AIR BEARINGS 50.8x75x14.5 / COLOR GRIS OBSCURO,,MAGER AIR BEARING,MAGER AIR BEARING,WF101R0314000,50.8x75x14.5,,-,$950.00,USD
PATINES,RECTANGULAR AIR BEARINGS R34 SF/P 90X50X14 NUEVOS,,MAGER AIR BEARING,MAGER AIR BEARING,WF101R0159000,90x50x14,,-,$950.00,USD
PATINES,RECTANGULAR AIR BEARINGS 95X45X14 REPARADOS,,TORINO MAGER ITALY,MAGER AIR BEARING,-,95x45x14,,-,$950.00,USD
PATINES,RECTANGULAR AIR BEARINGS DEA GLOBAL-2H 60x100x19 / COLOR NEGRO,,MAGER AIR BEARING,MAGER AIR BEARING,WF10100312000,60x100x19,,-,$950.00,USD
PATINES,RECTANGULAR AIR BEARINGS DEA P2 60x120x19,,MAGER AIR BEARING,MAGER AIR BEARING,WF101R0101000,60x120x19,,-,$950.00,USD
PATINES,FLAT ROUND AIR BEARINGS 40x30,,ACCURATE,ACCURATE,-,40x30,$140.00,USD,$800.00,USD
PATINES,FLAT ROUND AIR BEARINGS 50x25,,ACCURATE,ACCURATE,-,50x25,$140.00,USD,$800.00,USD
PATINES,FLAT ROUND AIR BEARINGS | HPC2.6 | D080X22.0,,MAGER AIR BEARING,MAGER AIR BEARING,WF10200P06000,80x22,,-,$800.00,USD
PATINES,RECTANGULAR AIR BEARINGS 155X80X25,,MAGER AIR BEARING,MAGER AIR BEARING,WF10100104000,155x80x35,,-,$950.00,USD
PATINES,FLAT ROUND AIR BEARINGS 100X35 mm ,,ACCURATE,ACCURATE,-,100x35,,-,$700.00,USD
PATINES,FLAT ROUND AIR BEARINGS 25X40 mm ,,ACCURATE,ACCURATE,-,25x40,$140.00,USD,$700.00,USD
PATINES,FLAT ROUND AIR BEARINGS 50X30 mm ,,ACCURATE,ACCURATE,-,50x30,$140.00,USD,$700.00,USD
PATINES,FLAT ROUND AIR BEARINGS 60X25 mm ,,ACCURATE,ACCURATE,-,60x25,$140.00,USD,$700.00,USD
PATINES,FLAT ROUND AIR BEARINGS 60X30 mm ,,ACCURATE,ACCURATE,-,60x30,$140.00,USD,$700.00,USD
PATINES,FLAT ROUND AIR BEARINGS 70X35 mm ,,ACCURATE,ACCURATE,-,70x35,$200.00,USD,$700.00,USD
PATINES,FLAT ROUND AIR BEARINGS 90X35 mm ,,ACCURATE,ACCURATE,-,90x35,$200.00,USD,$700.00,USD
PATINES,FLAT ROUND AIR BEARINGS 80X35 mm ,,ACCURATE,ACCURATE,-,80x35,$200.00,USD,$700.00,USD
CONTROLADORES,Botón on/off Controlador PANTEC,,PANTEC,PANTEC,-,,,,,
CONTROLADORES,"CONTROLLER PANTEC EAGLE pro/3, 115VAC",,PANTEC,PANTEC,34606,PRO/3,"$5,907.00",USD,"$10,500.00",USD
CONTROLADORES,"CONTROLLER EAGLE pro/4 HP 130VDC, 115VAC ",,PANTEC,PANTEC,34612,PRO/4,"$10,192.00",USD,"$14,000.00",USD
CONTROLADORES,PHC10-2 PROBE HEAD CONTROLLER,,RENISHAW,RENISHAW,-,PHC10-2,,,"$3,750.00",USD
CONTROLADORES,PHC10-3 PLUS PROBE HEAD CONTROLLER,,RENISHAW,RENISHAW,A-5863-0100-05,PHC10-3 PLUS,"$3,107.00",USD,"$4,750.00",USD
CONTROLADORES,Probe Interface PI4-2,,RENISHAW,RENISHAW,-,,,,,
JOYSTICK Y ACCESORIOS,BOTON DE EMERGENCIA,,-,-,-,GRIS CON ROJO,,,,
JOYSTICK Y ACCESORIOS,PALANCA APEM ,,APEM,DIGIMAX,3112SALZ153 | 300002,COMPATIBLE JOYSTICK HEXAGON,$250.00,USD,$650.00,USD
JOYSTICK Y ACCESORIOS,PALANCA APEM ,,APEM,DIGIMAX,3112SAL503 | 300451,COMPATIBLE JOYSTICK B&S,$250.00,USD,$650.00,USD
JOYSTICK Y ACCESORIOS,PALANCA APEM ,,APEM VELCO,PANTEC,300249,COMPATIBLE JOYSTICK PANTEC,$260.00,USD,$650.00,USD
JOYSTICK Y ACCESORIOS,PALANCA,,CH PRODUCTS,,M31L081P,-,$250.00,USD,$650.00,USD
JOYSTICK Y ACCESORIOS,PALANCA,,CH PRODUCTS,,S30C081T,-,$250.00,USD,$650.00,USD
JOYSTICK Y ACCESORIOS,JOYSTICK HEXAGON,,HEXAGON,,H009834/F,H009834/E,,,$650.00,USD
JOYSTICK Y ACCESORIOS,PALANCA,,MEGATRON,,822451719,30jhk-zt-30r3g,$250.00,USD,$650.00,USD
JOYSTICK Y ACCESORIOS,BOTON DE EMERGENCIA,,PANTEC,,-,COMPATIBLE JOYSTICK PANTEC,,,$200.00,USD
JOYSTICK Y ACCESORIOS,PILA PARA JOYSTICK PANTEC,,PANTEC,PANTEC,24007,COMPATIBLE JOYSTICK PANTEC,,,,USD
JOYSTICK Y ACCESORIOS,JOYSTICK EAGLE PAD ALAMBRICO,,PANTEC,PANTEC,34530,ALAMBRICO,"$1,362.00",USD,"$2,700.00",USD
JOYSTICK Y ACCESORIOS,MANUAL CONTROL UNIT JOYSTICK HT400RC V2,,PANTEC,PANTEC,34621,INALAMBRICO,"$1,500.00",USD,"$3,000.00",USD
JOYSTICK Y ACCESORIOS,BOTON DE EMERGENCIA ,,PANTEC,PANTEC,-,COMPATIBLE CON CONTROL PANTEC,,,,USD
JOYSTICK Y ACCESORIOS,MCUW Joystick Assembly / CARGADOR DE JOYSTICK RENISHAW MCU W(con llave) / PILA RENISHAW N°P 056F18,,RENISHAW,,A-5381-0019-03 | A-5381-0020-05,INALAMBRICO,,,,USD
JOYSTICK Y ACCESORIOS,KEY BOARD PARA JOYSTICK DE CMM SHEFFIELD CORDAX D-28,,SHEFFIELD,,-,-,,,,USD
STOCK | VENTA | PRESTAMO,Bobinas,-,-,-,-,-,,,,
STOCK | VENTA | PRESTAMO,Conector Lemo,-,Lemo,Lemo,USD12702,FFA.3S.314.CLAL10,,,,
STOCK | VENTA | PRESTAMO,Conector Lemo FFGG OB,-,Lemo,Lemo,-,-,,,,
STOCK | VENTA | PRESTAMO,ELECTRONIC Interface Valvew,-,Northeast Fluids,Northeast Fluids,-,-,,,,
STOCK | VENTA | PRESTAMO,Lainas | Metric thickness shim,-,Douglas Stamping Company,Douglas Stamping Company,-,.50 mm,,,,
STOCK | VENTA | PRESTAMO,Lainas | Metric thickness shim,-,Douglas Stamping Company,Douglas Stamping Company,-,1.0 mm,,,,
STOCK | VENTA | PRESTAMO,Lainas | Metric thickness shim,-,Douglas Stamping Company,Douglas Stamping Company,-,2.0 mm,,,,
STOCK | VENTA | PRESTAMO,Lainas | Metric thickness shim,-,Douglas Stamping Company,Douglas Stamping Company,-,.25 mm,,,,
STOCK | VENTA | PRESTAMO,Lainas fin de carrera/Hechizas,-,-,-,-,-,,,,
STOCK | VENTA | PRESTAMO,Limit Switch,-,OMRON,OMRON,-,-,,,,
STOCK | VENTA | PRESTAMO,SAFETY SWITCH | 5A-250V | SENSOR FINES DE CARRERA,-,MICRO SWITCH A HONYWELL DIVISION,MICRO SWITCH A HONYWELL DIVISION,24-CEI-Y2,-,,,,
STOCK | VENTA | PRESTAMO,RESISTENCIA 50W4 7J GRIS,-,-,-,-,-,,,,
STOCK | VENTA | PRESTAMO,RESISTENCIA PARA UNIDAD DE PALPADO DORADA,-,-,-,-,-,,,,
STOCK | VENTA | PRESTAMO,INTERFACE CONNECTOR SCSI S/E | DIGITAL | 3 PIEZAS CASETTES HS-4/120s,-,DIGITAL TM | MAXELL,DIGITAL TM | MAXELL,-,TLZ09,,,,
STOCK | VENTA | PRESTAMO,TARJETA 9949 CM-1 94V-0,-,P&Q,P&Q,9949 CM-1 94V-0,-,,,,
STOCK | VENTA | PRESTAMO,CONECTOR LEMO,-,Lemo,Lemo,FFA.3S.314.CLAL10,-,,,,
CONECTORES,COMPONENTES DE CABLE SUBMINIATURA D | CARCAZAS DB9,1,MOUSER ELECTRONICS,MOUSER ELECTRONICS,649-8655MH0911LF,8655MH0911LF,$10.02,USD,,
CONECTORES,COMPONENTES DE CABLE SUBMINIATURA D | CARCAZAS DB15,2,MOUSER ELECTRONICS,MOUSER ELECTRONICS,649-8655MH1511LF,8655MH1511LF,$10.26,USD,,
CONECTORES,COMPONENTES DE CABLE SUBMINIATURA D | CARCAZAS DB25,3,MOUSER ELECTRONICS,MOUSER ELECTRONICS,649-8655MH2511LF,8655MH2511LF,$11.53,USD,,
CONECTORES,CONECTORES DE CONTACTO COMBINADOS SUBMINIATURA D | CONECTORES PARA MOTORES,4,MOUSER ELECTRONICS,MOUSER ELECTRONICS,649-DA7W2PA00LF,DA7W2PA00LF,$6.10,USD,,
CONECTORES,CONECTORES ESTÁNDAR SUBMINIATURA D | DB9 MACHO,5,MOUSER ELECTRONICS,MOUSER ELECTRONICS,523-L777SDE09P,L777SDE09P,$1.17,USD,,
CONECTORES,CONECTORES ESTÁNDAR SUBMINIATURA D | DB15 MACHO,6,MOUSER ELECTRONICS,MOUSER ELECTRONICS,523-L777SDA15P,L777SDA15P,$2.56,USD,,
CONECTORES,CONECTORES ESTÁNDAR SUBMINIATURA D | DB25 MACHO,7,MOUSER ELECTRONICS,MOUSER ELECTRONICS,523-L777SDB25P,L777SDB25P,$3.30,USD,,
CONECTORES,CONECTORES ESTÁNDAR SUBMINIATURA D | DB9 HEMBRA,8,MOUSER ELECTRONICS,MOUSER ELECTRONICS,523-L177SDE09S,L177SDE09S,$1.11,USD,,
CONECTORES,CONECTORES ESTÁNDAR SUBMINIATURA D | DB15 HEMBRA,9,MOUSER ELECTRONICS,MOUSER ELECTRONICS,523-L177SDA15S,L177SDA15S,$1.43,USD,,
CONECTORES,CONECTORES ESTÁNDAR SUBMINIATURA D | PINES PARA MOTOR,10,MOUSER ELECTRONICS,MOUSER ELECTRONICS,523-L17DM537451,L17DM537451,$3.72,USD,,
CONECTORES,CONECTORES ESTÁNDAR SUBMINIATURA D | 5 DIN MACHO,11,MOUSER ELECTRONICS,MOUSER ELECTRONICS,568-NYS322,NYS322,$2.05,USD,,
CONECTORES,CONECTORES DE ALTA DENSIDAD SUBMINIATURA D | DB44 MACHO,12,MOUSER ELECTRONICS,MOUSER ELECTRONICS,706-163A16619X,163A16619X,,,,
CONECTORES,TI MOTOR_/MOTION/IGNITION CONTROLLERS&DRIVERS ADVANCED PWM MOTOR,14,MOUSER ELECTRONICS,MOUSER ELECTRONICS,595-UC3638N,UC3638N,,,,
CONECTORES,SOCKET FAU 5X20,15,MOUSER ELECTRONICS,MOUSER ELECTRONICS,693-0031.3573,31.3573,,,,
CONECTORES,CONECTOR 5VDC,16,MOUSER ELECTRONICS,MOUSER ELECTRONICS,655-V23026A1001B201,V23026A1001B201,,,,
CONECTORES,CONECTORES ESTÁNDAR SUBMINIATURA D | DB25 HEMBRA,17,MOUSER ELECTRONICS,MOUSER ELECTRONICS,523-L77SDBH25S,L777SDB25P,,,,
CONECTORES,ALOJAMIENTOS DE CABLES Y CABECERA,18,MOUSER ELECTRONICS,MOUSER ELECTRONICS,798-DF11-14DP-2DSA08,DF11-14DP-2DSA,,,,
CONECTORES,POTENCIOMETROS B10K,-,-,-,B10K,10K,,,,
CONECTORES,FILTERS SMD COMMIN MODE CHOKE | BOBINA PARA TARJETA SUPERIIOR,20,MOUSER ELECTRONICS,MOUSER ELECTRONICS,673-P0353NL,P0353NL,,,,
TARJETAS,SERVO DRIVE MINI MAESTRO 60X14/28 (LK2000),,CONTROL TECHNIQUES,,70000050607000,-,,,,
TARJETAS,Tarjeta PWM / 160 DEA | Para bravos  control F1,,DEA,,G56116501,-,,,,
TARJETAS,TARJETA AJUSTE LECTOR HEIDENHEIN ANALOGICO,,DEA,,AKS2239A,-,,,,
TARJETAS,TARJETA EXTENSORAS BRAVO CONTRO F HEXAGON METROLOGY (DIGITAL),,DEA,,G58712105,-,,,,
TARJETAS,EPROMS LEV 3-F V.12,,,,B9418AB NM27C256Q200,-,,,,
TARJETAS,FUENTE DE PODER 5V | 12V,,BTC 11V0,,-,-,,,,
TARJETAS,"Fuente de Poder PWM control p/ Tutor 5V,15V,-15V 65W",,-,,NLP65-7610,-,,,,
TARJETAS,"FUENTE DE VOLTAJE DE CONTROL B6C. ORIGEN BENTELER, REPARADA CON POWERBOX, SIN PRUEBA",,DEA,,G51073300,-,,,,
TARJETAS,Magnetic Contactor CC32S / D24 / 2N02NC,,CARLO GAVAZZI,,1336017731,-,,,,
TARJETAS,Tarjeta Copley controls corp. 180-405-276-1,,Copley controls corp.,,800-175B,-,,,,
TARJETAS,Tarjeta DEA,,DEA,,G17330700,-,,,,
TARJETAS,Tarjeta DEA control F1,,AXIS DISTRIBUTION BOARD,,G59776300-1-2-3,-,,,,
TARJETAS,Tarjeta Lev 2 control F1 (A PRUEBA/NO ESTATUS),,DEA,,G56113602-3-4-5,-,,,,
TARJETAS,Tarjeta NFS50-9336,,Computer products,,NFS50-9336,-,,,,
TARJETAS,Tarjeta XT3 DEA control F,,DEA,,G561170-01-02-03-04,-,,,,
TARJETAS,Tarjetas Analógica XYZ para CMM Xcel (usadas y funcionales),,Brown&Sharpe,,80-410-206,-,,,,
TARJETAS,TARJETA TDK-LAMBDA 64.5W 5V 15V 6A,,MOUSER ELECTRONICS,MOUSER ELECTRONICS,967-SWT65-5FF,SWT65-5FF,,,,
TARJETAS,Powerbox,,Medline,,OBN01316C,200W,$125.00,USD,,
TARJETAS,Servo drives para control LK2000 | EJE X /Y/Z,,-,,-,EJE X,,,,
TARJETAS,Tarjeta conteo bravo 4308 close estructure,,DEA 2500-02,,-,-,,,,
TARJETAS,Tarjeta interface SP25/600,,PANTEC,,33506,-,,,,
TARJETAS,Tarjerta fuente de voltaje rack secundario de control B6CS (ESTAMPADOS TOLUCA),,-,,-,-,,,,
TARJETAS,TARJETA DEA-BROWN & SHARPE SPA | ,,BROWN & SHARPE,,G56117005,,,,,
TARJETAS,TARJETA DEA-BROWN & SHARPE SPA | ,,BROWN & SHARPE,,G56117701,,,,,
TARJETAS,TARJETA DEA-BROWN & SHARPE SPA | ,,BROWN & SHARPE,,G56211002,,,,,
TARJETAS,TARJETA DEA-BROWN & SHARPE SPA | ,,BROWN & SHARPE,,G56116502,,,,,
TARJETAS,TARJETA DEA,,DEA,,G51506304-05-06-07,,,,,
TARJETAS,TARJETA DE SUPERIOR DEA G56128703-04-05-06,,DEA,,G56128703-04-05-06 / G56136200-01-02-03,-,,,,
TARJETAS,Tarjeta  PWM para control B3P-L2 ó B3C,,DEA,,DEA G51516101-02-03-04,-,$460.00,,,
MOTORES & TRANSMISIONES,BOBINA BELTRAMO,,A. BELTRAMO,ELECTROMECANICA A. BELTRAMO,INDF013,INDF013,,,,
MOTORES & TRANSMISIONES,MOTOR PARVEX EJE Y DEA BRAVO ,,PARVEX,,-,4308 CS,,,"$2,500.00",USD
MOTORES & TRANSMISIONES,Servo Motor ametek pittman 80 / A4180,,Ametek Pittman,AMETEKSINGAPORE PTE LTD,M5860585060612 TBV,16/19,$269.15,USD,"$1,200.00",USD
MOTORES & TRANSMISIONES,Servo Motor Glentek,,GLENTEK,,GM2340MC,GM2340-8-02000810,,,"$1,800.00",USD
MOTORES & TRANSMISIONES,Servo Motor LK / T95-K0-M03-S0-B99,,LK,,MT22R2-24,-,,,"$1,800.00",USD
MOTORES & TRANSMISIONES,Servo Motor Minertia Motor,,Minertia Motor,,R02SA2X3 / TG3VC,-,,,"$1,200.00",USD
MOTORES & TRANSMISIONES,Servo Motor Minertia Motor,,Minertia Motor,,UTOPI-100SC,-,,,"$1,200.00",USD
MOTORES & TRANSMISIONES,Servo Motor Parker,,Parker,,RS110MR1105,-,,,"$1,800.00",USD
MOTORES & TRANSMISIONES,Servo Motor Parker,,Parker,,RS4304AR1149,-,,,"$1,800.00",USD
MOTORES & TRANSMISIONES,Servo Motor Parvex,,Parvex,,RS440GR1132,-,,,"$1,800.00",USD
MOTORES & TRANSMISIONES,PM Servo Motor ,,PM SERVO MOTOR,,2130T0000000TAA-AF,-,,,"$1,200.00",USD
MOTORES & TRANSMISIONES,Servo Motor Power Company ESA 2S 1214,,Motor Power Company,,1010302300001,-,,,"$1,800.00",USD
MOTORES & TRANSMISIONES,Servo Motor Super L / SANYO DENKI,,SANYO DENKI,,L404-011EL8,-,,,"$2,000.00",USD
MOTORES & TRANSMISIONES,Sistema transmisión eje Z,,ACCURATE,,ACCURATE,-,,,,USD
MOTORES & TRANSMISIONES,Transmisiones,,-,,-,-,,,,USD
MOTORES & TRANSMISIONES,DC SERVOMOTOR BALDOR,,BALDOR,EBAY,MT-2250-SPL,52P105Z006G1,$239.39,USD,,USD
MOTORES & TRANSMISIONES,PM SERVO MOTOR,,SL-MTI | PM SERVO MOTOR,NRI INDUSTRIAL,MT3528-523CF,,$168.71,USD,800.00 USD,USD
MOTORES & TRANSMISIONES,TRANSMISIÓN EJE Z,,ACCURATE,ACCURATE,ACCURATE,-,,,,USD
MOTORES & TRANSMISIONES,SERVO MOTOR AMETEK PITTMAN,,AMETEK PITTMAN,,M58605850606 13 TPU,A4185,,,"$1,200.00",USD
MOTORES & TRANSMISIONES,SERVO MOTOR ROBBINS MYERS,,ROBBINS MYERS,,0586-24-024,E-586-SA,,,"$1,200.00",USD
MOTORES & TRANSMISIONES,SERVO MOTOR PARKER,,PARKER,,RS220FR1135,,,,"$1,800.00",USD
MOTORES & TRANSMISIONES,Servo Motor Parker,,Parker,,RS440GAR1115,,,,"$1,800.00",USD
MOTORES & TRANSMISIONES,Servo Motor Parker,,Parker,,RS410QR1176,,,,"$1,800.00",USD
MOTORES & TRANSMISIONES,Servo Motor Parker,,Parker,,RS440GR1115,,,,"$1,800.00",USD
MOTORES & TRANSMISIONES,SERVO MOTOR PARKER,,PARKER,TECNOINDUSTRIAL ,RS220FR1113,0.225Nm,"$11,556.13",MXN,"$1,800.00",USD
MOTORES & TRANSMISIONES,PM SERVO MOTOR | PARA CMM XCEL - MAGNA,,PM SERVO MOTOR,GREEN PENGUIN,MT2130-230AF,,$119.95,USD,"$1,200.00",USD
MOTORES & TRANSMISIONES,SERVO MOTOR SAN MOTION DC SERVO SYSTEMS / SANYO DENKI | MITUTOYO,,SANYO DENKI,EBAY,T506-051E57,T506-051E57,$150.00,USD,"$1,200.00",USD
MOTORES & TRANSMISIONES,SERVOMOTOR MAE (CMM GLOBAL),,MAE,,1100-0606-05PTU,M588,,,"$1,800.00",USD
MOTORES & TRANSMISIONES,SERVOMOTOR MAE (CMM GLOBAL),,MAE,,M586 0535 0600 17TPU,1586,,,"$1,800.00",USD
MOTORES & TRANSMISIONES,Servo Motor Automation Technology | ITEM: 275254768396,,Automation Technology,EBAY,MB057DT183-005,174000055,$100.00,,"$1,200.00",USD
MOTORES & TRANSMISIONES,Servo Motor Automation Technology | ITEM: 284747298122,,Automation Technology,EBAY,MB057DT385,3024057,$99.57,,"$1,200.00",USD
MOTORES & TRANSMISIONES,Servo Motor MAE,,MAE,EBAY,0585-0600-06TPU,M586,,,"$1,800.00",USD
MOTORES & TRANSMISIONES,"PM SERVO MOTOR | PARA EJE X, Y DE SUPERIOR CMM DISCOVERY II CMC",,PM SERVO MOTOR,EBAY,2110T0000000TCM-DE,,$299.99,USD,"$1,200.00",USD
MOTORES & TRANSMISIONES,Servo Motor MAE | ITEM: NEW DO SANYO DENKI SERVOMOTOR V511T019 V511T-019 ZEISS 627203-805-000 | 384067482756,,MAE,EBAY,M586 0585 0600 18 TFJ,M586,$644.09,USD,"$1,200.00",USD
MOTORES & TRANSMISIONES,SERVOMOTOR SANYO DENKI T511T-204,,SANYO DENKI,ACCURATE,T511T-204,T511T-205,$870.00,USD,"$1,800.00",USD
MOTORES & TRANSMISIONES,SERVOMOTOR SANYO DENKI T720-164,,SANYO DENKI,ACCURATE,T720-164,T720-165,"$1,000.00",USD,"$1,800.00",USD
MOTORES & TRANSMISIONES,SERVOMOTOR ROBBINS MYERS 0586-24-024,,ROBBINS MYERS,-,0586-24-024,E-586-SA,,,"$1,200.00",USD
MOTORES & TRANSMISIONES,MB057DT183,,AUTOMATION TECHNOLOGY,GLN,MB057DT183,MB057DT183,,,"$1,800.00",USD
MOTORES & TRANSMISIONES,SERVOMOTOR AMETEK ,,AMETEK PITTMAN,M586 0585 0606 20 TEU,M586 0585 0606 20 TEU,,"$22,251.59",MXN,"$1,800.00",USD
ESCALA,ESCALA RSF,,RSF,-,-,,,,,
ESCALA,ESCALA CON LECTOR DEA,,DEA,-,-,,,,,
ESCALA,ESCALA DE CRISTAL RFS ELECTRONIKS ,,RSF ELECTRONIKS,-,D771G9999696 MSA670,D771G9999696 MSA670,,,,
ESCALA,ESCALA GHIBLI,,-,-,-,,,,,
ESCALA,ESCALA HEIDENHEIN EJE X 4308-095 TAP,,HEINDENHEIN,-,-,4308-095 TAP,,,,
ESCALA,RGC-F END CLAMP KIT,,RENISHAW,-,A-9523-4015-03-E,,$15.00,USD,$20.00,USD
ESCALA,RGP22S Limit Switch Actuator,,RENISHAW,-,A-9531-0251-03,,$11.25,USD,$20.00,USD
ESCALA,RGM22S REFERENCE MARK ACTUATOR,,RENISHAW,-,A-9531-0250-04,W0007304,$13.50,USD,$20.00,USD
ESCALA,RGS20-S SCALE 20M LONG SCALE / ADHSIVE POLY,,RENISHAW,-,A-9523-8020-03,20000 mm,-,,$450.00,USD
LECTORES,Lector LIDA17D,,HEINDENHAIN,,-,LIDA17D,,,,
LECTORES,Lector LIDA 18C,,HEINDENHAIN,,384 323-01,Lector LIDA 18C,,,,
LECTORES,Lector LIDA 19P/100,,HEINDENHAIN,,233 042 13,Lector LIDA 19P/100,,,,
LECTORES,LECTOR ESPECIAL DE IMS | LECTOR 1 | FALTAN PRUEBAS EN CMM,,IMS,INNOVTION METROLOGY SOLUTION,-,INNOVTION METROLOGY SOLUTION,$30.00,USD,,
LECTORES,LECTORES RGH22B5L00B | ANÁLOGO |  FUNCIONAL USADO,,RENISHAW,,-,-,,,,
LECTORES,LECTORES RGH22R10D00A | RGH22 0.5 um 1m cable 15 w-D D/L,,RENISHAW,,RGH22R10D00A,RGH22R10D00A,$476.25,USD,$750.00,USD
LECTORES,LECTOR RSF,,RSF ELECTRONIKS ,,MSA 670.73,D771G0199900,,,,
LECTORES,LECTOR RSF,,RSF ELECTRONIKS ,,MSA 671.73,D792E0199900,,,,
LECTORES,LECTOR RSF,,RSF ELECTRONIKS ,,MSA 370.73,D756G0199900,,,,
LECTORES,LECTOR RSF,,RSF ELECTRONIKS ,,MS 26.94-2M,800742-01,,,,
LECTORES,LECTOR RSF,,RSF ELECTRONIKS ,,MS 26.74-2M,-,,,,
BANDA,BANDA POWERGRIP HTDLL-5M-50-STEEL,-,,POWERGRIP,-,-,,,,
BANDA,BANDA NEGRA HTD 50 LL-5M STEEL (COMPLETA L=20M A=50MM),-,,WALTHER FLENDER GMBH,-,-,,,,
BANDA,Banda Negra / Dentada / HTD 3M-384 / A=10MM L=384MM |,-,,JASON,HTD 3M-384,-,,,,
BANDA,BANDA NEGRA HTD 50 LL-5M 68 | A=50MM L=14 MTS | STEEL,-,,Walther Flender GmbH,-,-,,,,
BANDA,BANDA A=47mm L=1200mm 20 COTILLAS| 1200J | 3 349,BND1,POGGI,,-,-,,,,
BANDA,BANDA JASON 180 J A=11 MM L= 450MM | 5 COSTILLAS| 16 011 | HILO,BND2,JASON,,-,-,,,,
BANDA,BANDA TD 5 STS 53 MM S3M 447 (SCIROCCO EJE Z) | A=15mm L= 440 mm | HILO ,BND3,BANDO,,-,-,,,,
BANDA,BANDA HTD 447-3M (SCIROCCO EJE Y) A=15mm L=440mm,BND4,BANDO,,-,-,,,,
BANDA,BANDA HTD 384-3M (SCIROCCO EJE X) A=8mm L=380mm,BND5,BANDO | TRANSLINK EU,,-,-,,,,
BANDA,BANDA GATES 50 STD BLANCA (SCIROCCO TRACCION),BND6,GATES,,-,-,,,,
BANDA,Banda Blanca / Dentada / 50 STD5 3600 SO.E / A=50MM L=3600M | STEEL,BND7,GATES,,-,-,,,,
BANDA,Banda Negra / Dentada / HTD246-3M / A= 10mm L=246 (mitutoyo),BND8,Synchro,,-,-,,,,
BANDA,Banda Negra / Dentada / HT255-3M / A=6MM L=255MM (Mitutoyo) | HILO,BND9,Synchro,,-,-,,,,
BANDA,Banda Negra / Dentada / STS-2M 250 / A=6mm L=250mm (Mitutoyo) | HILO,BND10,Synchro,,-,-,,,,
BANDA,Bandas Verde / Hechiza / Lisa / 10X356,BND11,NA,,-,-,,,,
BANDA,Banda 180 J 9mm 4 costillas (motor global) | 16 155 | A=9mm L=460mm,BND12,JASON,,-,-,,,,
BANDA,Banda 180 J 9mm 4 costillas (motor global) | 16 155 | A=9mm L=460mm,BND12,JASON,,-,-,,,,
BANDA,Banda Negra / 4 Costillas / 280J 5 056/ A=9mm L=711mm,BND13,RIB-ACE,,-,-,,,,
BANDA,Banda Negra / Dentada / 20-5285 3A4 / A=8 L=290 Paso 5mm,BND14,NA,,-,-,,,,
BANDA,Banda Amarilla / Dentada / T5X630 / A=15mm L=630mm | Steel,BND15,GATES MECTROL,,-,-,,,,
BANDA,Banda Negra / Dentada / HTD 522-3M / A=15MM L=522MM | HILO,BND16,POGGI,,-,-,,,,
BANDA,Banda Negra / Dentada / HTD 3M-384 / A=10MM L=384MM |,BND17,Jason,,-,-,,,,
BANDA,Banda Negra / Dentada / Compresor / 875VC / A=38MM L=875MM,BND18,Bando Power Max,,-,-,,,,
BANDA,BANDA NEGRA HTD 5M 25MM NEOPRENO | A=25MM L=14.6MTS | HILO,BND19,NA,,-,-,,,,
BANDA,BANDA NEGRA HTD 50 LL-5M 68 | A=50MM L=1M | STEEL,BND20,Walther Flender GmbH,,-,-,,,,
BANDA,Bandas Verde / Hechiza / Lisa / A=10MM L=470MM Zeiss,BND22,NA,,-,-,,,,
BANDA,Bandas Verde / Hechiza / Lisa / A=11MM L=200MM ,BND23,NA,,-,-,,,,
BANDA,Banda Negra / Elastica 0.05/ Lisa / A=7MM L=320MM ,BND24,  ,,-,-,,,,
BANDA,Bandas Negra / Lisa / PL- 7.25 / A=20MM L=180MM,BND25,GATES,,-,-,,,,
BANDA,Banda Negra / Lisa / A=13MM L=194MM ,BND26,NA,,82-442-107-1,-,,,,
BANDA,Banda Verde / Hechiza / Lisa / A=10MM L=280MM,BND27,NA,,-,-,,,,
BANDA,BANDA NEGRA NEOPRENO / M5 / A=15MM L=1.24M | STEEL,BND28,ACCURATE,,-,-,,,,
BANDA,Banda Verde / Hechiza / Lisa / A=10MM L=220MM,BND29,NA,,-,-,,,,
BANDA,BANDA NEGRA HTD 50 LL-5M | L=2.5MTS A=25MM | STELL,BND30,Walther Flender GmbH,,-,-,,,,
BANDA,BANDA NEGRA HTDLL 5M-50 | L=1400MM A=16MM | STEEL,BND31,POWERGRIP,,-,-,,,,
BANDA,BANDA NEGRA HTDLL 5M-50 | L=1600MM A=16MM | STEEL,BND32,POWERGRIP,,-,-,,,,
BANDA,Banda negra dentada HTD5.25 | L=2.05 Mts A=25mm | STEEL,BND33,ACCURATE,,-,-,,,,
BANDA,Banda negra dentada HTD5.25 | L=1.85 Mts A=25mm | STEEL,BND34,ACCURATE,,-,-,,,,
BANDA,Banda negra dentada HTD5.25 | L=1.25 Mts A=14mm | STEEL,BND35,ACCURATE,,-,-,,,,
BANDA,BANDA DENTADA NEGRA| L=1.20M A=15MM | STEEL,BND36,,,-,-,,,,
BANDA,BANDA MULTIRIB 285 J NEGRA 4 COSTILLAS | A=10MM | STEEL,BND37,JASON,,285J,18 165,,,,
BANDA,BANDA MULTIRIB 285 J NEGRA 4 COSTILLAS | A=10MM | STEEL,BND37,JASON,,285J,18 165,,,,
BANDA,BANDA MULTIRIB 285 J NEGRA 4 COSTILLAS | A=10MM | STEEL,BND37,JASON,,285J,18 165,,,,
BANDA,BANDA HTD 5M SPECIAL TOOTHED BELTS LONG LENGTH 50 LL-5M 680,BND38,WALTHER FLENDER,,50 LL-5M,680,,,,
BANDA,,,,,,,,,,
BANDA,BANDA 12x190MM SIN DENTAR AZUL,BND39,-,,12*190 MM,-,,,,
BANDA,BANDA NEGRA CERRADA HTD 670 5M | L=360MM A=25MM | HILO,BND40,POWERGRIP,,HTD 670,,,,,
BANDA,BANDA NEGRA CERRADA HTD 420 3M | L=210MM A=10MM | ,BND41,POWERGRIP,,HTD 420,,,,,
BANDA,BANDA NEGRA DENTADA CERRADA 473J PJ1200 | L=570MM A=50MM | ,BND42,MICRO-V,,473J PJ1200,,,,,
BANDA,BANDA NEGRA DENTADA CERRADA 230J 21 | L=57MM A=20MM | 8 CANALES ,BND43,TRANS POWER,,230J 21,,,,,
BANDA,BANDA HTD 5M SPECIAL TOOTHED BELTS LONG LENGTH 50 LL-5M 680,BND38,WALTHER FLENDER,,50 LL-5M,680,,,,
BANDA,BANDA HTD 5M SPECIAL TOOTHED BELTS LONG LENGTH 50 LL-5M 30M 680 | 2.3m x 25mm,BND39,WALTHER FLENDER,,LL-5M-25mm,,,,,
BANDA,BANDA DENVER 100XL 02-2008 A=10mm L-240mm,BND40,DENVER,,100XL 02-2008,,,,,
BANDA,BANDA 237 SYNCHROFLEX AT 3/351 E3/8 A=10mm L-340mm AMARILLA,BND41,SYNCHROFLEX,,237,3/351 E3/8,,,,
BANDA,BANDA HTD 5M SPECIAL TOOTHED BELTS LONG LENGTH 50 LL-5M 680 | 1830mm x 25mm,BND42,WALTHER FLENDER,,LL-5M-25mm,,,,,
BANDA,BANDA HTD 5M SPECIAL TOOTHED BELTS LONG LENGTH 50 LL-5M 680 | 2670mm x 25mm,BND43,WALTHER FLENDER,,LL-5M-25mm,,,,,
BANDA,"BANDA HTD 5M SPECIAL TOOTHED BELTS LONG LENGTH 50 LL-5M  680
L=4.5M A=18MM",BND44,WALTHER FLENDER,,50 LL-5M,L=4.5M A=18MM,,,,
CABEZAL & ACCESORIOS,PRUBE HEAD PANTEC,OTRO,PANTEC METROLOGY,PANTEC,EAGLE.head-m PKJ,EAGLE.head-m PKJ,,,,
CABEZAL & ACCESORIOS,PRUBE HEAD PH10M PLUS,RBE,RENISHAW,RENISHAW,CATALOGO A-5863-1000 // CAJA A-5863-4000,PH10M PLUS,"$4,096.00",USD,"$5,200.00",USD
CABEZAL & ACCESORIOS,PRUBE HEAD PH10M,RBE,RENISHAW,RENISHAW,CATALOGO A-1025-6050 // CAJA A-1025-4500,PH10M LEGACY,"$1,872.00",USD,"$5,200.00",USD
CABEZAL & ACCESORIOS,PRUBE HEAD PH10MQ PLUS,RBE,RENISHAW,RENISHAW,A-5663-6000,PH10MQ PLUS,"$4,096.00",USD,"$5,200.00",USD
CABEZAL & ACCESORIOS,PRUBE HEAD PH10MQ,RBE,RENISHAW,RENISHAW,CATALOGO A-1036-6001 // CAJA A-1025-6500,PH10MQ LEGACY,"$4,096.00",USD,"$5,200.00",USD
CABEZAL & ACCESORIOS,HEAD CABLE PL13U,,RENISHAW,RENISHAW,A-1016-7675-02,PL13U,$174.30,USD,$250.00,USD
CABEZAL & ACCESORIOS,PROBE HEAD CABLE PL93U,,RENISHAW,RENISHAW,A-1016-7676-01,PL93U,$208.60,USD,$250.00,USD
CABEZAL & ACCESORIOS,CABLE STRAIGHT 0.15M | CABLE PARA CABEZAL MANUAL (CMM IOTA),,RENISHAW,RENISHAW,A-1016-6440-03,,$44.10,USD,$100.00,USD
CABEZAL & ACCESORIOS,Pieza de montaje para cabezal QUILL / ACCURATE,,ACCURATE,ACCURATE,-,-,-,-,$200.00,USD
CABEZAL & ACCESORIOS,Pieza de montaje para cabezal QUILL  CONVERTIDOR DE PH10MQ A PH10M,-,,-,-,-,-,-,$500.00,USD
