,,,,, ,,,,,,,,,,,, ,,,,,
,,,,,,,,,,,,,,,,,,,,,,
NÚMERO DE PARTE,CODIGO SOPORTE METROLOGY,DESCRIPCIÓN,MARCA,MODELO,CLASIFICACIÓN,UBICACIÓN EN ALMACÉN,SUBLOCALIZACIÓN,ORIGEN: (SI LLEGA POR PROVEEDOR O USADO POR EMPRESA),DATOS DE ORIGEN:,ROSCA,DIAMETRO,LARGO,LTU,MATERIAL,MATERIAL DE PUNTA,COSTO UNITARIO,PRECIO DE VENTA,MONEDA,UNIDAD DE MEDIDA,MINIMO EN STOCK,MAXIMOS,
NÚMERO DE PARTE,CODIGO SOPORTE METROLOGY,DESCRIPCIÓN,MARCA,MODELO,CLASIFICACIÓN,UBICACIÓN EN ALMACÉN,SUBLOCALIZACIÓN,ORIGEN: (SI LLEGA POR PROVEEDOR O USADO POR EMPRESA),DATOS DE ORIGEN:,ROSCA,DIAMETRO,LARGO,LTU,MATERIAL,MATERIAL DE PUNTA,COSTO UNITARIO,PRECIO DE VENTA,MONEDA,UNIDAD DE MEDIDA,MINIMO EN STOCK,MAXIMOS,
35260,AUTOJOINT ADAPTADOR M8/31 MM PANTEC ,AUTOJOINT EAGLE.HEAD AP M8/31MM ADAPTER,PANTEC,35260,SENSORES,B1,SN-001,PROVEEDOR ,PANTEC,NA,NA,NA,NA,NA,NA,$290.00,$600.00,USD,PIEZA,2,3,
76300411288954,AUTOJOINT TESA ,AUTOJOINT HA-TM-31,HEXAGON,HA-TM-31,SENSORES,B1,SN-002,PROVEEDOR ,HEXAGON,NA,NA,NA,NA,NA,NA,$290.00,$600.00,USD,PIEZA,1,1,
A-1032-0272 ,MODULO DE FUERZA EXTENDIDA TP20,TP20 EXT FORCE MODULE,RENISHAW,TP20 MODULE EXT,SENSORES,B1,SN-003,PROVEEDOR ,RENISHAW,NA,NA,NA,NA,NA,NA,$710.50,"$1,100.00",USD,PIEZA,4,10,
A-1032-0284,BODY TP20,TP20 PROBE BODY KIT,RENISHAW,TP20 BODY,SENSORES,B1,SN-004,PROVEEDOR ,RENISHAW,NA,NA,NA,NA,NA,NA,$616.00,$900.00,USD,PIEZA,3,7,
A-1039-0001,SONDA TP6,TP6 PROBE RBE,RENISHAW,TP6,SENSORES,B1,SN-005,PROVEEDOR ,RENISHAW,NA,NA,NA,NA,NA,NA,$740.00,"$2,000.00",USD,PIEZA,1,3,
A-1042-1890,SONDA TP2,TP2-5W-RBE,RENISHAW,TP2,SENSORES,B1,SN-006,PROVEEDOR ,RENISHAW,NA,NA,NA,NA,NA,NA,$744.00,"$2,000.00",USD,PIEZA,2,3,
A-1051-0417,AUTOJOINT ADAPTADOR 30 MM RENISHAW,PAA1 AUTOJOINT ,RENISHAW,PAA1,SENSORES,B1,SN-007,PROVEEDOR ,RENISHAW,NA,NA,NA,NA,NA,NA,$259.00,$550.00,USD,PIEZA,3,6,
A-1051-0418,AUTOJOINT ADAPTADOR 140 MM,PAA2 AUTOJOINT ADAPTOR,RENISHAW,PPA2,SENSORES,B1,SN-008,PROVEEDOR ,RENISHAW,NA,NA,NA,NA,NA,NA,$330.40,$600.00,USD,PIEZA,3,6,
A-1085-0016,KIT DE LIMPIEZA PARA REFACCIONES RENISHAW,CLEANING KIT,RENISHAW,CK200,SENSORES,B1,SN-009,PROVEEDOR ,RENISHAW,NA,NA,NA,NA,NA,NA,$20.00,$35.00,USD,PIEZA,3,10,
A-1371-0270,MODULO DE FUERZA ESTANDAR TP20,TP20 STD FORCE MODULE,RENISHAW,TP20 MODULE STD,SENSORES,B1,SN-010,PROVEEDOR ,RENISHAW,NA,NA,NA,NA,NA,NA,$710.50,"$1,100.00",USD,PIEZA,3,8,
A-1371-0271,MODULO DE FUERZA MEDIA TP20,TP20 MED FORCE MODULE,RENISHAW,TP20 MODULE MED ,SENSORES,B1,SN-011,PROVEEDOR ,RENISHAW,NA,NA,NA,NA,NA,NA,$616.00,"$1,100.00",USD,PIEZA,2,5,
A-1371-0392,MODULO DE FUERZA BAJA TP20,TP20 LOW FORCE MODLE ONLY,RENISHAW,TP20 MODULE LOW,SENSORES,B1,SN-012,PROVEEDOR ,RENISHAW,NA,NA,NA,NA,NA,NA,$710.50,"$1,100.00",USD,PIEZA,1,5,
A-1371-0430,KIT DE BARRAS DE EXTENSION EM1 Y EM2,KIT TP20 EM1 STD | EM2 STD,RENISHAW,TP20 EM1,SENSORES,B1,SN-013,PROVEEDOR ,RENISHAW,NA,NA,NA,NA,NA,NA,"$1,290.00","$2,550.00",USD,PIEZA,1,2,
B01CF12PSC,SENSOR PARA BRAZO DE BRAVO ,SENSOR PARA BRAZO DE BRAVO FCA ESTAMPADOS,SELEC SENSOR,B01CF12PSC,SENSORES,B1,SN-014,PROVEEDOR ,SELET SENSOR,NA,NA,NA,NA,NA,NA,NA,NA,USD,PIEZA,1,1,
,,,,,,,,,,,,,,,,,,,,,,
NÚMERO DE PARTE,CODIGO SOPORTE METROLOGY,DESCRIPCIÓN,MARCA,MODELO,CLASIFICACIÓN,UBICACIÓN EN ALMACÉN,SUBLOCALIZACIÓN,ORIGEN: (SI LLEGA POR PROVEEDOR O USADO POR EMPRESA),DATOS DE ORIGEN:,ROSCA,DIAMETRO,LARGO,LTU,MATERIAL,MATERIAL DE PUNTA,COSTO UNITARIO,PRECIO DE VENTA,MONEDA,UNIDAD DE MEDIDA,MINIMO EN STOCK,MAXIMOS,COMENTARIOS 
NA,LICENCIA POLYWORKS,LICENCIA POLYWORKS,POLYWORKS,NA,LICENCIAS,C1,SF-001,PROVEEDOR ,INNOVMETRIC ,NA,NA,NA,NA,NA,NA,9327.5 USD,NA,USD,PIEZA,0,0,BAJO SOLICITUD
,,,,,,,,,,,,,,,,,,,,,,
NÚMERO DE PARTE,CODIGO SOPORTE METROLOGY,DESCRIPCIÓN,MARCA,MODELO,CLASIFICACIÓN,UBICACIÓN EN ALMACÉN,SUBLOCALIZACIÓN,ORIGEN: (SI LLEGA POR PROVEEDOR O USADO POR EMPRESA),DATOS DE ORIGEN:,ROSCA,DIAMETRO,LARGO,LTU,MATERIAL,MATERIAL DE PUNTA,COSTO UNITARIO,PRECIO DE VENTA,MONEDA,UNIDAD DE MEDIDA,MINIMO EN STOCK,MAXIMOS,
13020408906,CONTRABALANCE ACCURATE M800,CONTRABALANCE ACCURATE ASSLY  M-800 BORE-40 STROCK-431,ACCURATE,COORDIMESUR ,CONTRABALANCES,ESPECIAL CONTRABALANCES,CN-001,PROVEEDOR ,ACCURATE,NA,NA,NA,NA,NA,NA,$450.00,"$1,200.00",USD,PIEZA,1,2,
G13518500-KIT,CONTRABALANCE G13518500-KIT,CONTRABALANCE CHIAPPEROTTI G13518500-KIT,CHIAPEROTTI ,SCIROCCO,CONTRABALANCES,ESPECIAL CONTRABALANCES,CN-002,REFACCIONES LCP,CHIAPEROTTI ,NA,NA,NA,NA,NA,NA,$500.00,"$1,200.00",USD,PIEZA,2,3,
D60010034,CONTRABALANCE D60010034 ,CONTRABALANCE CHIAPPEROTTI D60010034 ,CHIAPEROTTI ,GLOBAL,CONTRABALANCES,ESPECIAL CONTRABALANCES,CN-003,PROVEEDOR ,CHIAPEROTTI ,NA,NA,NA,NA,NA,NA,$347.00,"$1,200.00",USD,PIEZA,2,4,
G13518700,CONTRABALANCE G13518700,CONTRABALANCE CHIAPPEROTTI G13518700,CHIAPEROTTI ,GHIBLI,CONTRABALANCES,ESPECIAL CONTRABALANCES,CN-004,PROVEEDOR ,CHIAPEROTTI ,NA,NA,NA,NA,NA,NA,$510.00,"$1,500.00",USD,PIEZA,2,3,
,,,,,,,,,,,,,,,,,,,,,,
NÚMERO DE PARTE,CODIGO SOPORTE METROLOGY,DESCRIPCIÓN,MARCA,MODELO,CLASIFICACIÓN,UBICACIÓN EN ALMACÉN,SUBLOCALIZACIÓN,ORIGEN: (SI LLEGA POR PROVEEDOR O USADO POR EMPRESA),DATOS DE ORIGEN:,ROSCA,DIAMETRO,LARGO,LTU,MATERIAL,MATERIAL DE PUNTA,COSTO UNITARIO,PRECIO DE VENTA,MONEDA,UNIDAD DE MEDIDA,MINIMO EN STOCK,MAXIMOS,
NA,PATIN COJINETE DE AIRE 100X35 MM,FLAT ROUND AIR BEARINGS 100X35 mm ,ACCURATE,100x35,PATINES,E5,PT-001,PROVEEDOR,ACCURATE,NA,NA,NA,NA,NA,NA,NA,$700.00,USD,PIEZA,2,3,
NA,PATIN COJINETE DE AIRE 25X40 MM,FLAT ROUND AIR BEARINGS 25X40 mm ,ACCURATE,25x40,PATINES,E5,PT-002,PROVEEDOR,ACCURATE,NA,NA,NA,NA,NA,NA,$140.00,$700.00,USD,PIEZA,2,3,
NA,PATIN COJINETE DEAIRE 40X30 MM,FLAT ROUND AIR BEARINGS 40x30 mm,ACCURATE,40x30,PATINES,E5,PT-003,PROVEEDOR,ACCURATE,NA,NA,NA,NA,NA,NA,$140.00,$800.00,USD,PIEZA,2,3,
NA,PATIN COJINETE DE AIRE 50X25 MM,FLAT ROUND AIR BEARINGS 50x25 mm,ACCURATE,50x25,PATINES,E5,PT-004,PROVEEDOR,ACCURATE,NA,NA,NA,NA,NA,NA,$140.00,$800.00,USD,PIEZA,2,3,
NA,PATIN COJINETE DE AIRE 50X30 MM,FLAT ROUND AIR BEARINGS 50X30 mm ,ACCURATE,50x30,PATINES,E5,PT-005,PROVEEDOR,ACCURATE,NA,NA,NA,NA,NA,NA,$140.00,$700.00,USD,PIEZA,2,3,
NA,PATIN COJINETE DE AIRE 60X25 MM,FLAT ROUND AIR BEARINGS 60X25 mm ,ACCURATE,60x25,PATINES,E5,PT-006,PROVEEDOR,ACCURATE,NA,NA,NA,NA,NA,NA,$140.00,$700.00,USD,PIEZA,2,3,
NA,PATIN COJINETE DE AIRE 60X30 MM,FLAT ROUND AIR BEARINGS 60X30 mm ,ACCURATE,60x30,PATINES,E5,PT-007,PROVEEDOR,ACCURATE,NA,NA,NA,NA,NA,NA,$140.00,$700.00,USD,PIEZA,2,3,
NA,PATIN COJINETE DE AIRE 70X35 MM,FLAT ROUND AIR BEARINGS 70X35 mm ,ACCURATE,70x35,PATINES,E5,PT-008,PROVEEDOR,ACCURATE,NA,NA,NA,NA,NA,NA,$200.00,$700.00,USD,PIEZA,2,3,
NA,PATIN COJINETE DE AIRE 80X35 MM,FLAT ROUND AIR BEARINGS 80X35 mm ,ACCURATE,80x35,PATINES,E5,PT-009,PROVEEDOR,ACCURATE,NA,NA,NA,NA,NA,NA,$200.00,$700.00,USD,PIEZA,2,3,
NA,PATIN COJINETE DE AIRE 90X35 MM,FLAT ROUND AIR BEARINGS 90X35 mm ,ACCURATE,90x35,PATINES,E5,PT-010,PROVEEDOR,ACCURATE,NA,NA,NA,NA,NA,NA,$200.00,$700.00,USD,PIEZA,2,3,
WF10200P06000,PATIN REDONDO/ COJINETE DE AIRE 80X22,FLAT ROUND AIR BEARINGS | HPC2.6 | D080X22.0,MAGER AIR BEARING,80x22,PATINES,E5,PT-011,PROVEEDOR,MAGER AIR BEARING,NA,NA,NA,NA,NA,NA,$200.00,$800.00,USD,PIEZA,3,3,
WF10100104000,PATIN RECTANGULAR/ COJINETE DE AIRE  155X80X25,RECTANGULAR AIR BEARINGS 155X80X25,MAGER AIR BEARING,155x80x35,PATINES,E5,PT-012,PROVEEDOR,MAGER AIR BEARING,NA,NA,NA,NA,NA,NA,$200.00,$950.00,USD,PIEZA,2,3,
WF101R0157000,PATIN RECTANGULAR/ COJINETE DE AIRE 30X68X12,RECTANGULAR AIR BEARINGS 30X68X12,MAGER AIR BEARING,30x68x12,PATINES,E4,PT-013,PROVEEDOR,MAGER AIR BEARING,NA,NA,NA,NA,NA,NA,$200.00,$950.00,USD,PIEZA,2,10,
WF101R0314000,PATIN RECTANGULAR/ COJINETE DE AIRE GRIS OSCURO 50.8X75X14.5,RECTANGULAR AIR BEARINGS 50.8X75X14.5 / COLOR GRIS OBSCURO,MAGER AIR BEARING,50.8x75x14.5,PATINES,E4,PT-014,PROVEEDOR,MAGER AIR BEARING,NA,NA,NA,NA,NA,NA,$200.00,$950.00,USD,PIEZA,2,3,
WF10100312000,PATIN RECTANGULAR/ COJINETE DE AIRE NEGRO 60X100X19,RECTANGULAR AIR BEARINGS DEA GLOBAL-2H 60X100X19 / COLOR NEGRO,MAGER AIR BEARING,60x100x19,PATINES,E4,PT-015,PROVEEDOR,MAGER AIR BEARING,NA,NA,NA,NA,NA,NA,$200.00,$950.00,USD,PIEZA,3,5,
WF101R0101000,PATIN RECTANGULAR/ COJINETE DE AIRE 60X120X19,RECTANGULAR AIR BEARINGS DEA P2 60X120X19,MAGER AIR BEARING,60x120x19,PATINES,E4,PT-016,PROVEEDOR,MAGER AIR BEARING,NA,NA,NA,NA,NA,NA,$200.00,$950.00,USD,PIEZA,3,5,
WF101R0158000,PATIN RECTANGULAR/ COJINETE DE AIRE 40X80X12,RECTANGULAR AIR BEARINGS R3 SF/P 40X80X12,MAGER AIR BEARING,40x80x12,PATINES,E4,PT-017,PROVEEDOR,MAGER AIR BEARING,NA,NA,NA,NA,NA,NA,$200.00,$950.00,USD,PIEZA,2,8,
WF101R0159000,PATIN RECTANGULAR/ COJINETE DE AIRE 90X50X14,RECTANGULAR AIR BEARINGS R34 SF/P 90X50X14 NUEVOS,MAGER AIR BEARING,90x50x14,PATINES,E4,PT-018,PROVEEDOR,MAGER AIR BEARING,NA,NA,NA,NA,NA,NA,$200.00,$950.00,USD,PIEZA,3,8,
NA,PATIN RECTANGULAR/ COJINETE DE AIRE 140X70X25,RECTANGULAR AIR BEARINGS 140X70X25 / COLOR NEGRO,TORINO MAGER ITALY,140x70x25,PATINES,E5,PT-019,PROVEEDOR,MAGER AIR BEARING,NA,NA,NA,NA,NA,NA,$200.00,$950.00,USD,PIEZA,1,1,
NA,PATIN RECTANGULAR/ COJINETE DE AIRE 154X79X25,RECTANGULAR AIR BEARINGS 154X79X25,TORINO MAGER ITALY,154x79x25,PATINES,E5,PT-020,PROVEEDOR,MAGER AIR BEARING,NA,NA,NA,NA,NA,NA,$200.00,$950.00,USD,PIEZA,1,1,
NA,PATIN RECTANGULAR/ COJINETE DE AIRE 95X45X14 ,RECTANGULAR AIR BEARINGS 95X45X14 REPARADOS,TORINO MAGER ITALY,95x45x14,PATINES,E5,PT-021,PROVEEDOR,MAGER AIR BEARING,NA,NA,NA,NA,NA,NA,$200.00,$950.00,USD,PIEZA,3,9,
,,,,,,,,,,,,,,,,,,,,,,
NÚMERO DE PARTE,CODIGO SOPORTE METROLOGY,DESCRIPCIÓN,MARCA,MODELO,CLASIFICACIÓN,UBICACIÓN EN ALMACÉN,SUBLOCALIZACIÓN,ORIGEN: (SI LLEGA POR PROVEEDOR O USADO POR EMPRESA),DATOS DE ORIGEN:,ROSCA,DIAMETRO,LARGO,LTU,MATERIAL,MATERIAL DE PUNTA,COSTO UNITARIO,PRECIO DE VENTA,MONEDA,UNIDAD DE MEDIDA,MINIMO EN STOCK,MAXIMOS,
NA,BOTON PARA CONTROLADOR PANTEC,BOTON ON/OFF CONTROLADOR PANTEC,PANTEC,CONTROLADOR PANTEC,CONTROLADORES,E3,CL-001,PROVEEDOR,PANTEC,NA,NA,NA,NA,NA,NA,NA,NA,USD,PIEZA,1,1,
34606,CONTROLADOR PANTEC EAGLE PRO 3 ,"CONTROLLER PANTEC EAGLE pro/3, 115VAC",PANTEC,PRO/3,CONTROLADORES,F1/F5,CL-002,PROVEEDOR,PANTEC,NA,NA,NA,NA,NA,NA,"$5,907.00","$10,500.00",USD,PIEZA,2,4,
34612,CONTROLADOR PANTEC EAGLE PRO4 HP ,"CONTROLLER EAGLE pro/4 HP 130VDC, 115VAC ",PANTEC,PRO/4,CONTROLADORES,F1/F5,CL-003,PROVEEDOR,PANTEC,NA,NA,NA,NA,NA,NA,"$10,192.00","$14,000.00",USD,PIEZA,1,1,
PHC10-2,CONTROLADOR PARA CABEZAL RENISHAW PHC10-2,PHC10-2 PROBE HEAD CONTROLLER,RENISHAW,PHC10-2,CONTROLADORES,ESPECIAL ,CL-004,PROVEEDOR,RENISHAW,NA,NA,NA,NA,NA,NA,"$2,707.00","$3,750.00",USD,PIEZA,1,2,
A-5863-0100-05,CONTROLADOR PARA CABEZAL RENISHAW PHC10-3,PHC10-3 PLUS PROBE HEAD CONTROLLER,RENISHAW,PHC10-3 PLUS,CONTROLADORES,F1/F5,CL-005,PROVEEDOR,RENISHAW,NA,NA,NA,NA,NA,NA,"$3,107.00","$4,750.00",USD,PIEZA,2,4,
PI4-2,INTERFAZ RENISHAW PI4-2,PROBE INTERFACE PI4-2 ,RENISHAW,PI4-2,CONTROLADORES,E2,CL-006,PROVEEDOR,RENISHAW,NA,NA,NA,NA,NA,NA,NA,NA,USD,PIEZA,1,1,
,,,,,,,,,,,,,,,,,,,,,,
NÚMERO DE PARTE,CODIGO SOPORTE METROLOGY,DESCRIPCIÓN,MARCA,MODELO,CLASIFICACIÓN,UBICACIÓN EN ALMACÉN,SUBLOCALIZACIÓN,ORIGEN: (SI LLEGA POR PROVEEDOR O USADO POR EMPRESA),DATOS DE ORIGEN:,ROSCA,DIAMETRO,LARGO,LTU,MATERIAL,MATERIAL DE PUNTA,COSTO UNITARIO,PRECIO DE VENTA,MONEDA,UNIDAD DE MEDIDA,MINIMO EN STOCK,MAXIMOS,
NA,BOTON DE EMERGENCIA,BOTON DE EMERGENCIA,NA,GRIS CON ROJO,JOYSTICK Y ACCESORIOS,D5,PJ-001,PROVEEDOR,NA,NA,NA,NA,NA,NA,NA,$50.00,$100.00,USD,PIEZA,1,3,
3112SALZ153 | 300002,PALANCA PARA JOYSTICK SM-300002,PALANCA APEM ,APEM,COMPATIBLE JOYSTICK HEXAGON,JOYSTICK Y ACCESORIOS,D4,PJ-002,PROVEEDOR,DIGIMAX,NA,NA,NA,NA,NA,NA,$250.00,$650.00,USD,PIEZA,3,3,
3112SAL503 | 300451,PALANCA PARA JOYSTICK SM-300451,PALANCA APEM ,APEM,COMPATIBLE JOYSTICK B&S,JOYSTICK Y ACCESORIOS,D4,PJ-003,PROVEEDOR,DIGIMAX,NA,NA,NA,NA,NA,NA,$250.00,$650.00,USD,PIEZA,3,5,
300249,PALANCA PARA JOYSTICK SM-300249,PALANCA APEM ,APEM VELCO,COMPATIBLE JOYSTICK PANTEC,JOYSTICK Y ACCESORIOS,D4,PJ-004,PROVEEDOR,PANTEC,NA,NA,NA,NA,NA,NA,$260.00,$650.00,USD,PIEZA,3,5,
M31L081P,PALANCA PARA JOYSTICK SM-M31L081P,PALANCA,CH PRODUCTS,M31L081P,JOYSTICK Y ACCESORIOS,D4,PJ-005,PROVEEDOR ,NA,NA,NA,NA,NA,NA,NA,$250.00,$650.00,USD,PIEZA,1,3,
S30C081T,PALANCA PARA JOYSTICK SM-S30C081T,PALANCA,CH PRODUCTS,S30C081T,JOYSTICK Y ACCESORIOS,D4,PJ-006,PROVEEDOR ,NA,NA,NA,NA,NA,NA,NA,$250.00,$650.00,USD,PIEZA,1,3,
H009834/F,JOYSTICK HEXAGON SM-H009834/F,JOYSTICK HEXAGON,HEXAGON,H009834/E,JOYSTICK Y ACCESORIOS,D4,PJ-007,PROVEEDOR ,NA,NA,NA,NA,NA,NA,NA,$250.00,$650.00,USD,PIEZA,1,1,
822451719,PALANCA SM-30JHK-ZT-30R3G,PALANCA,MEGATRON,30JHK-ZT-30R3G,JOYSTICK Y ACCESORIOS,D4,PJ-008,PROVEEDOR ,NA,NA,NA,NA,NA,NA,NA,$250.00,$650.00,USD,PIEZA,2,2,
24007,PILA PARA JOYSTICK PANTEC,PILA PARA JOYSTICK PANTEC,PANTEC,COMPATIBLE JOYSTICK PANTEC,JOYSTICK Y ACCESORIOS,D5,PJ-009,PROVEEDOR ,PANTEC,NA,NA,NA,NA,NA,NA,$250.00,$650.00,USD,PIEZA,1,3,
34530,JOYSTICK EAGLE PAD ALAMBRICO,JOYSTICK EAGLE PAD ALAMBRICO,PANTEC,ALAMBRICO,JOYSTICK Y ACCESORIOS,ESPECIAL,PJ-010,PROVEEDOR ,PANTEC,NA,NA,NA,NA,NA,NA,"$1,362.00","$2,700.00",USD,PIEZA,2,4,
34621,JOYSTICK PANTEC/ WENZEL HT 400,MANUAL CONTROL UNIT JOYSTICK HT400RC V2,PANTEC,INALAMBRICO,JOYSTICK Y ACCESORIOS,ESPECIAL,PJ-011,PROVEEDOR ,PANTEC,NA,NA,NA,NA,NA,NA,"$1,500.00","$3,000.00",USD,PIEZA,1,3,
NA,BOTON DE EMERGENCIA PARA CONTROL PANTEC,BOTON DE EMERGENCIA ,PANTEC,COMPATIBLE CON CONTROL PANTEC,JOYSTICK Y ACCESORIOS,D5,PJ-012,PROVEEDOR ,PANTEC,NA,NA,NA,NA,NA,NA,$100.00,$200.00,USD,PIEZA,3,6,
A-5381-0019-03 | A-5381-0020-05,CARGADOR DE JOYSTICK MCU,MCUW Joystick Assembly / CARGADOR DE JOYSTICK RENISHAW MCU W(con llave) / PILA RENISHAW N°P 056F18,RENISHAW,INALAMBRICO,JOYSTICK Y ACCESORIOS,G1,PJ-013,PROVEEDOR ,RENISHAW,NA,NA,NA,NA,NA,NA,"$1,000.00","$2,000.00",USD,PIEZA,1,1,
,,,,,,,,,,,,,,,,,,,,,,
NÚMERO DE PARTE,CODIGO SOPORTE METROLOGY,DESCRIPCIÓN,MARCA,MODELO,CLASIFICACIÓN,UBICACIÓN EN ALMACÉN,SUBLOCALIZACIÓN,ORIGEN: (SI LLEGA POR PROVEEDOR O USADO POR EMPRESA),DATOS DE ORIGEN:,ROSCA,DIAMETRO,LARGO,LTU,MATERIAL,MATERIAL DE PUNTA,COSTO UNITARIO,PRECIO DE VENTA,MONEDA,UNIDAD DE MEDIDA,MINIMO EN STOCK,MAXIMOS,
USD12702,Conector Lemo,Conector Lemo,Lemo,FFA.3S.314.CLAL10,CONECTORES,E1,OT-001,REFACCIONES LCP ,Lemo,NA,NA,NA,NA,NA,NA,$15.00,$30.00,USD,PIEZA,1,1,
FFGG OB,Conector Lemo FFGG OB,Conector Lemo FFGG OB,Lemo,FFGG OB,CONECTORES,E1,OT-002,REFACCIONES LCP ,Lemo,NA,NA,NA,NA,NA,NA,$15.00,$30.00,USD,PIEZA,1,1,
NA,ELECTRONIC Interface Valvew,ELECTRONIC Interface Valvew,Northeast Fluids,NA,CONECTORES,E1,OT-003,REFACCIONES LCP ,Northeast Fluids,NA,NA,NA,NA,NA,NA,$30.00,$60.00,USD,PIEZA,1,1,
NA,Lainas | Metric thickness shim,Lainas | Metric thickness shim,Douglas Stamping Company,.50 mm,LAINAS,E1,OT-004,REFACCIONES LCP ,Douglas Stamping Company,NA,NA,NA,NA,NA,NA,$0.30,$1.00,USD,PIEZA,1,1,
NA,Lainas | Metric thickness shim,Lainas | Metric thickness shim,Douglas Stamping Company,1.0 mm,LAINAS,E1,OT-005,REFACCIONES LCP ,Douglas Stamping Company,NA,NA,NA,NA,NA,NA,$0.30,$1.00,USD,PIEZA,1,1,
NA,Lainas | Metric thickness shim,Lainas | Metric thickness shim,Douglas Stamping Company,2.0 mm,LAINAS,E1,OT-006,REFACCIONES LCP ,Douglas Stamping Company,NA,NA,NA,NA,NA,NA,$0.30,$1.00,USD,PIEZA,1,1,
NA,Lainas | Metric thickness shim,Lainas | Metric thickness shim,Douglas Stamping Company,.25 mm,LAINAS,E1,OT-007,REFACCIONES LCP ,Douglas Stamping Company,NA,NA,NA,NA,NA,NA,$0.30,$1.00,USD,PIEZA,1,1,
NA,Lainas fin de carrera/Hechizas,Lainas fin de carrera/Hechizas,NA,HECHIZAS,LAINAS,E1,OT-008,REFACCIONES LCP ,NA,NA,NA,NA,NA,NA,NA,$0.50,$1.00,USD,PIEZA,1,1,
24-CEI-Y2,SAFETY SWITCH | 5A-250V | SENSOR FINES DE CARRERA,SAFETY SWITCH | 5A-250V | SENSOR FINES DE CARRERA,MICRO SWITCH A HONYWELL DIVISION,5A-250V,SENSOR,E1,OT-009,REFACCIONES LCP ,MICRO SWITCH A HONYWELL DIVISION,NA,NA,NA,NA,NA,NA,$15.00,$30.00,USD,PIEZA,1,1,
50W4 7J,RESISTENCIA 50W4 7J GRIS,RESISTENCIA 50W4 7J GRIS,NA,GRIS,CONECTORES,E1,OT-010,REFACCIONES LCP ,NA,NA,NA,NA,NA,NA,NA,$15.00,$30.00,USD,PIEZA,1,1,
NA,RESISTENCIA PARA UNIDAD DE PALPADO DORADA,RESISTENCIA PARA UNIDAD DE PALPADO DORADA,NA,UNIDAD DE PALPADO,CONECTORES,E1,OT-011,REFACCIONES LCP ,NA,NA,NA,NA,NA,NA,NA,$15.00,$30.00,USD,PIEZA,1,1,
HS-4/120s,INTERFACE CONNECTOR SCSI S/E | DIGITAL | 3 PIEZAS CASETTES HS-4/120s,INTERFACE CONNECTOR SCSI S/E | DIGITAL | 3 PIEZAS CASETTES HS-4/120s,DIGITAL TM | MAXELL,TLZ09,CONECTORES,E1,OT-012,REFACCIONES LCP ,DIGITAL TM | MAXELL,NA,NA,NA,NA,NA,NA,$15.00,$30.00,USD,PIEZA,1,1,
9949 CM-1 94V-0,TARJETA 9949 CM-1 94V-0,TARJETA 9949 CM-1 94V-0,P&Q,CM-1 94V-0,TARJETAS,E1,OT-013,REFACCIONES LCP ,P&Q,NA,NA,NA,NA,NA,NA,$15.00,$30.00,USD,PIEZA,1,1,
FFA.3S.314.CLAL10,CONECTOR LEMO,CONECTOR LEMO,Lemo,LEMO,CONECTORES,E1,OT-014,REFACCIONES LCP ,Lemo,NA,NA,NA,NA,NA,NA,$15.00,$30.00,USD,PIEZA,1,1,
47211938MBB3NEP00,"VENTILADORES AXIALES FAN, 119X11 230V","VENTILADORES AXIALES FAN, 119X11 230V",MOUSER ELECTRONICS,47211938MBB3NEP00,CONECTORES,E1,OT-015,PROVEEDOR ,MOUSER ELECTRONICS,NA,NA,NA,NA,NA,NA,$15.00,$30.00,USD,PIEZA,1,1,
LW24847,ELECTRO VÁLVULA  BOSCH ,ELECTRO VÁLVULA  BOSCH ,LAGERWERK,821302083,CONECTORES,E1,OT-016,PROVEEDOR ,LAGERWERK ,NA,NA,NA,NA,NA,NA,33.64 USD ,$60.00,USD,PIEZA,1,1,
,,,,,,,,,,,,,,,,,,,,,,
NÚMERO DE PARTE,CODIGO SOPORTE METROLOGY,DESCRIPCIÓN,MARCA,MODELO,CLASIFICACIÓN,UBICACIÓN EN ALMACÉN,SUBLOCALIZACIÓN,ORIGEN: (SI LLEGA POR PROVEEDOR O USADO POR EMPRESA),DATOS DE ORIGEN:,ROSCA,DIAMETRO,LARGO,LTU,MATERIAL,MATERIAL DE PUNTA,COSTO UNITARIO,PRECIO DE VENTA,MONEDA,UNIDAD DE MEDIDA,MINIMO EN STOCK,MAXIMOS,
649-8655MH0911LF,COMPONENTES DE CABLE SUBMINIATURA D | CARCAZAS DB9,COMPONENTES DE CABLE SUBMINIATURA D | CARCAZAS DB9,MOUSER ELECTRONICS,8655MH0911LF,CONECTORES,CENTRO DE CONECTORES ,CC-001,PROVEEDOR ,MOUSER ELECTRONICS,NA,NA,NA,NA,NA,NA,$10.02,NA,USD,PIEZA,6,20,
649-8655MH1511LF,COMPONENTES DE CABLE SUBMINIATURA D | CARCAZAS DB15,COMPONENTES DE CABLE SUBMINIATURA D | CARCAZAS DB15,MOUSER ELECTRONICS,8655MH1511LF,CONECTORES,CENTRO DE CONECTORES ,CC-002,PROVEEDOR ,MOUSER ELECTRONICS,NA,NA,NA,NA,NA,NA,$10.26,NA,USD,PIEZA,9,20,
649-8655MH2511LF,COMPONENTES DE CABLE SUBMINIATURA D | CARCAZAS DB25,COMPONENTES DE CABLE SUBMINIATURA D | CARCAZAS DB25,MOUSER ELECTRONICS,8655MH2511LF,CONECTORES,CENTRO DE CONECTORES ,CC-003,PROVEEDOR ,MOUSER ELECTRONICS,NA,NA,NA,NA,NA,NA,$11.53,NA,USD,PIEZA,6,20,
649-DA7W2PA00LF,CONECTORES DE CONTACTO COMBINADOS SUBMINIATURA D | CONECTORES PARA MOTORES,CONECTORES DE CONTACTO COMBINADOS SUBMINIATURA D | CONECTORES PARA MOTORES,MOUSER ELECTRONICS,DA7W2PA00LF,CONECTORES,CENTRO DE CONECTORES ,CC-004,PROVEEDOR ,MOUSER ELECTRONICS,NA,NA,NA,NA,NA,NA,$6.10,NA,USD,PIEZA,6,20,
523-L777SDE09P,CONECTORES ESTÁNDAR SUBMINIATURA D | DB9 MACHO,CONECTORES ESTÁNDAR SUBMINIATURA D | DB9 MACHO,MOUSER ELECTRONICS,L777SDE09P,CONECTORES,CENTRO DE CONECTORES ,CC-005,PROVEEDOR ,MOUSER ELECTRONICS,NA,NA,NA,NA,NA,NA,$1.17,NA,USD,PIEZA,6,20,
523-L777SDA15P,CONECTORES ESTÁNDAR SUBMINIATURA D | DB15 MACHO,CONECTORES ESTÁNDAR SUBMINIATURA D | DB15 MACHO,MOUSER ELECTRONICS,L777SDA15P,CONECTORES,CENTRO DE CONECTORES ,CC-006,PROVEEDOR ,MOUSER ELECTRONICS,NA,NA,NA,NA,NA,NA,$2.56,NA,USD,PIEZA,9,20,
523-L777SDB25P,CONECTORES ESTÁNDAR SUBMINIATURA D | DB25 MACHO,CONECTORES ESTÁNDAR SUBMINIATURA D | DB25 MACHO,MOUSER ELECTRONICS,L777SDB25P,CONECTORES,CENTRO DE CONECTORES ,CC-007,PROVEEDOR ,MOUSER ELECTRONICS,NA,NA,NA,NA,NA,NA,$3.30,NA,USD,PIEZA,6,20,
523-L177SDE09S,CONECTORES ESTÁNDAR SUBMINIATURA D | DB9 HEMBRA,CONECTORES ESTÁNDAR SUBMINIATURA D | DB9 HEMBRA,MOUSER ELECTRONICS,L177SDE09S,CONECTORES,CENTRO DE CONECTORES ,CC-008,PROVEEDOR ,MOUSER ELECTRONICS,NA,NA,NA,NA,NA,NA,$1.11,NA,USD,PIEZA,6,20,
523-L177SDA15S,CONECTORES ESTÁNDAR SUBMINIATURA D | DB15 HEMBRA,CONECTORES ESTÁNDAR SUBMINIATURA D | DB15 HEMBRA,MOUSER ELECTRONICS,L177SDA15S,CONECTORES,CENTRO DE CONECTORES ,CC-009,PROVEEDOR ,MOUSER ELECTRONICS,NA,NA,NA,NA,NA,NA,$1.43,NA,USD,PIEZA,9,20,
523-L17DM537451,CONECTORES ESTÁNDAR SUBMINIATURA D | PINES PARA MOTOR,CONECTORES ESTÁNDAR SUBMINIATURA D | PINES PARA MOTOR,MOUSER ELECTRONICS,L17DM537451,CONECTORES,CENTRO DE CONECTORES ,CC-010,PROVEEDOR ,MOUSER ELECTRONICS,NA,NA,NA,NA,NA,NA,$3.72,NA,USD,PIEZA,6,30,
568-NYS322,CONECTORES ESTÁNDAR SUBMINIATURA D | 5 DIN MACHO,CONECTORES ESTÁNDAR SUBMINIATURA D | 5 DIN MACHO,MOUSER ELECTRONICS,NYS322,CONECTORES,CENTRO DE CONECTORES ,CC-011,PROVEEDOR ,MOUSER ELECTRONICS,NA,NA,NA,NA,NA,NA,$2.05,NA,USD,PIEZA,6,20,
706-163A16619X,CONECTORES DE ALTA DENSIDAD SUBMINIATURA D | DB44 MACHO,CONECTORES DE ALTA DENSIDAD SUBMINIATURA D | DB44 MACHO,MOUSER ELECTRONICS,163A16619X,CONECTORES,CENTRO DE CONECTORES ,CC-012,PROVEEDOR ,MOUSER ELECTRONICS,NA,NA,NA,NA,NA,NA,$2.00,NA,USD,PIEZA,6,20,
595-UC3638N,TI MOTOR_/MOTION/IGNITION CONTROLLERS&DRIVERS ADVANCED PWM MOTOR,TI MOTOR_/MOTION/IGNITION CONTROLLERS&DRIVERS ADVANCED PWM MOTOR,MOUSER ELECTRONICS,UC3638N,CONECTORES,CENTRO DE CONECTORES ,CC-013,PROVEEDOR ,MOUSER ELECTRONICS,NA,NA,NA,NA,NA,NA,$10.00,NA,USD,PIEZA,1,1,
693-0031.3573,SOCKET FAU 5X20,SOCKET FAU 5X20,MOUSER ELECTRONICS,31.3573,CONECTORES,CENTRO DE CONECTORES ,CC-014,PROVEEDOR ,MOUSER ELECTRONICS,NA,NA,NA,NA,NA,NA,$10.00,NA,USD,PIEZA,2,6,
655-V23026A1001B201,CONECTOR 5VDC,CONECTOR 5VDC,MOUSER ELECTRONICS,V23026A1001B201,CONECTORES,CENTRO DE CONECTORES ,CC-015,PROVEEDOR ,MOUSER ELECTRONICS,NA,NA,NA,NA,NA,NA,$10.00,NA,USD,PIEZA,5,10,
523-L77SDBH25S,CONECTORES ESTÁNDAR SUBMINIATURA D | DB25 HEMBRA,CONECTORES ESTÁNDAR SUBMINIATURA D | DB25 HEMBRA,MOUSER ELECTRONICS,L777SDB25P,CONECTORES,CENTRO DE CONECTORES ,CC-016,PROVEEDOR ,MOUSER ELECTRONICS,NA,NA,NA,NA,NA,NA,$3.00,NA,USD,PIEZA,6,25,
798-DF11-14DP-2DSA08,ALOJAMIENTOS DE CABLES Y CABECERA,ALOJAMIENTOS DE CABLES Y CABECERA,MOUSER ELECTRONICS,DF11-14DP-2DSA,CONECTORES,CENTRO DE CONECTORES ,CC-017,PROVEEDOR ,MOUSER ELECTRONICS,NA,NA,NA,NA,NA,NA,$10.00,NA,USD,PIEZA,1,1,
B10K,POTENCIOMETROS B10K,POTENCIOMETROS B10K,NA,10K,CONECTORES,CENTRO DE CONECTORES ,CC-018,PROVEEDOR ,NA,NA,NA,NA,NA,NA,NA,$10.00,NA,USD,PIEZA,1,1,
673-P0353NL,FILTERS SMD COMMIN MODE CHOKE | BOBINA PARA TARJETA SUPERIIOR,FILTERS SMD COMMIN MODE CHOKE | BOBINA PARA TARJETA SUPERIIOR,MOUSER ELECTRONICS,P0353NL,CONECTORES,CENTRO DE CONECTORES ,CC-019,PROVEEDOR ,MOUSER ELECTRONICS,NA,NA,NA,NA,NA,NA,$10.00,NA,USD,PIEZA,1,1,
,,,,,,,,,,,,,,,,,,,,,,
NÚMERO DE PARTE,CODIGO SOPORTE METROLOGY,DESCRIPCIÓN,MARCA,MODELO,CLASIFICACIÓN,UBICACIÓN EN ALMACÉN,SUBLOCALIZACIÓN,ORIGEN: (SI LLEGA POR PROVEEDOR O USADO POR EMPRESA),DATOS DE ORIGEN:,ROSCA,DIAMETRO,LARGO,LTU,MATERIAL,MATERIAL DE PUNTA,COSTO UNITARIO,PRECIO DE VENTA,MONEDA,UNIDAD DE MEDIDA,MINIMO EN STOCK,MAXIMOS,
70000050607000,SERVO DRIVE MINI MAESTRO 60X14/28 (LK2000),SERVO DRIVE MINI MAESTRO 60X14/28 (LK2000),CONTROL TECHNIQUES,60X14/28,TARJETAS,D2,TJ-001,EMPRESA,GM TOLUCA,NA,NA,NA,NA,NA,NA,$460.00,NA,USD,PIEZA,1,1,
G56116501,Tarjeta PWM / 160 DEA ,Tarjeta PWM / 160 DEA | Para bravos  control F1,DEA,60X14/28,TARJETAS,D2,TJ-002,EMPRESA,FCA TOLUCA ,NA,NA,NA,NA,NA,NA,$460.00,NA,USD,PIEZA,1,1,
AKS2239A,TARJETA AJUSTE LECTOR HEIDENHEIN ANALOGICO,TARJETA AJUSTE LECTOR HEIDENHEIN ANALOGICO,DEA,LECTOR HEIDENHEIN,TARJETAS,D2,TJ-003,REFACCIONES LCP,REFACCIONES LCP ,NA,NA,NA,NA,NA,NA,$460.00,NA,USD,PIEZA,1,1,
G58712105,TARJETA EXTENSORAS BRAVO CONTRO F HEXAGON METROLOGY (DIGITAL),TARJETA EXTENSORAS BRAVO CONTRO F HEXAGON METROLOGY (DIGITAL),DEA,TARJETA EXTENSORAS,TARJETAS,D2,TJ-004,REFACCIONES LCP,REFACCIONES LCP ,NA,NA,NA,NA,NA,NA,$460.00,NA,USD,PIEZA,1,1,
B9418AB NM27C256Q200,EPROMS LEV 3-F V.12,EPROMS LEV 3-F V.12,NA,LEV 3-F V.12,TARJETAS,D2,TJ-005,REFACCIONES LCP,REFACCIONES LCP ,NA,NA,NA,NA,NA,NA,$460.00,NA,USD,PIEZA,1,1,
5V.12V,FUENTE DE PODER 5V | 12V,FUENTE DE PODER 5V | 12V,BTC 11V0,5V,TARJETAS,D3,TJ-006,NA,NA,NA,NA,NA,NA,NA,NA,$460.00,NA,USD,PIEZA,1,1,
NLP65-7610,"Fuente de Poder PWM control p/ Tutor 5V,15V,-15V 65W","Fuente de Poder PWM control p/ Tutor 5V,15V,-15V 65W",NA,TUTOR 5V,TARJETAS,D3,TJ-007,REFACCIONES LCP,REFACCIONES LCP ,NA,NA,NA,NA,NA,NA,$460.00,NA,USD,PIEZA,1,1,
G51073300,"FUENTE DE VOLTAJE DE CONTROL B6C. ORIGEN BENTELER, REPARADA CON POWERBOX, SIN PRUEBA","FUENTE DE VOLTAJE DE CONTROL B6C. ORIGEN BENTELER, REPARADA CON POWERBOX, SIN PRUEBA",DEA,CONTROL B6C.,TARJETAS,D3,TJ-008,EMPRESA,BENTELER ,NA,NA,NA,NA,NA,NA,$460.00,NA,USD,PIEZA,1,1,
1336017731,Magnetic Contactor CC32S / D24 / 2N02NC,Magnetic Contactor CC32S / D24 / 2N02NC,CARLO GAVAZZI,2N02NC,TARJETAS,D3,TJ-009,REFACCIONES LCP,REFACCIONES LCP ,NA,NA,NA,NA,NA,NA,$460.00,NA,USD,PIEZA,1,1,
800-175B,Tarjeta Copley controls corp. 180-405-276-1,Tarjeta Copley controls corp. 180-405-276-1,Copley controls corp.,COPLEY,TARJETAS,D2,TJ-010,REFACCIONES LCP,REFACCIONES LCP ,NA,NA,NA,NA,NA,NA,$460.00,NA,USD,PIEZA,1,1,
G17330700,Tarjeta DEA,Tarjeta DEA,DEA,DEA,TARJETAS,D2,TJ-011,REFACCIONES LCP,REFACCIONES LCP ,NA,NA,NA,NA,NA,NA,$460.00,NA,USD,PIEZA,1,1,
G59776300-1-2-3,Tarjeta DEA control F1,Tarjeta DEA control F1,AXIS DISTRIBUTION BOARD,DEA  F1,TARJETAS,D2,TJ-012,REFACCIONES LCP,REFACCIONES LCP ,NA,NA,NA,NA,NA,NA,$460.00,NA,USD,PIEZA,1,1,
G56113602-3-4-5,Tarjeta Lev 2 control F1 (A PRUEBA/NO ESTATUS),Tarjeta Lev 2 control F1 (A PRUEBA/NO ESTATUS),DEA,LEV.2.F1,TARJETAS,D2,TJ-013,REFACCIONES LCP,REFACCIONES LCP ,NA,NA,NA,NA,NA,NA,$460.00,NA,USD,PIEZA,1,1,
NFS50-9336,Tarjeta NFS50-9336,Tarjeta NFS50-9336,Computer products,NFS50-9336,TARJETAS,D2,TJ-014,REFACCIONES LCP,REFACCIONES LCP ,NA,NA,NA,NA,NA,NA,$460.00,NA,USD,PIEZA,1,1,
G561170-01-02-03-04,Tarjeta XT3 DEA control F,Tarjeta XT3 DEA control F,DEA,XT3 DEA,TARJETAS,D2,TJ-015,REFACCIONES LCP,REFACCIONES LCP ,NA,NA,NA,NA,NA,NA,$460.00,NA,USD,PIEZA,1,1,
80-410-206,Tarjetas Analógica XYZ para CMM Xcel (usadas y funcionales),Tarjetas Analógica XYZ para CMM Xcel (usadas y funcionales),Brown&Sharpe,ANALÓGICA XYZ,TARJETAS,D3,TJ-016,REFACCIONES LCP,REFACCIONES LCP ,NA,NA,NA,NA,NA,NA,$460.00,NA,USD,PIEZA,1,1,
967-SWT65-5FF,TARJETA TDK-LAMBDA 64.5W 5V 15V 6A,TARJETA TDK-LAMBDA 64.5W 5V 15V 6A,MOUSER ELECTRONICS,SWT65-5FF,TARJETAS,D3,TJ-017,PROVEEDOR,MOUSER ELECTRONICS,NA,NA,NA,NA,NA,NA,$460.00,NA,USD,PIEZA,1,1,
OBN01316C,Powerbox,Powerbox,Medline,200W,TARJETAS,D3,TJ-018,PROVEEDOR,VALTER ALESSO,NA,NA,NA,NA,NA,NA,$125.00,NA,USD,PIEZA,2,6,
LK2000,Servo drives para control LK2000 | EJE X /Y/Z,Servo drives para control LK2000 | EJE X /Y/Z,NA,EJE X,TARJETAS,D3,TJ-019,REFACCIONES LCP,REFACCIONES LCP ,NA,NA,NA,NA,NA,NA,$460.00,NA,USD,PIEZA,1,1,
4308,Tarjeta conteo bravo 4308 close estructure,Tarjeta conteo bravo 4308 close estructure,DEA 2500-02,CLOSE ESTRUCTURE,TARJETAS,K4,TJ-020,REFACCIONES LCP,REFACCIONES LCP ,NA,NA,NA,NA,NA,NA,$460.00,NA,USD,PIEZA,1,1,
33506,Tarjeta interface SP25/600,Tarjeta interface SP25/600,PANTEC,SP25/600,TARJETAS,K4,TJ-021,REFACCIONES LCP,REFACCIONES LCP ,NA,NA,NA,NA,NA,NA,$460.00,NA,USD,PIEZA,1,1,
B6CS,Tarjerta fuente de voltaje rack secundario de control B6CS (ESTAMPADOS TOLUCA),Tarjerta fuente de voltaje rack secundario de control B6CS (ESTAMPADOS TOLUCA),NA,CONTROL B6CS,TARJETAS,K5,TJ-022,EMPRESA,FCA ESTAMPADOS,NA,NA,NA,NA,NA,NA,$460.00,NA,USD,PIEZA,1,1,
G56117005,TARJETA DEA-BROWN & SHARPE SPA | ,TARJETA DEA-BROWN & SHARPE SPA | ,BROWN & SHARPE,G56117005,TARJETAS,K2,TJ-023,EMPRESA,FCA TOLUCA ,NA,NA,NA,NA,NA,NA,$460.00,NA,USD,PIEZA,1,1,
G56117701,TARJETA DEA-BROWN & SHARPE SPA | ,TARJETA DEA-BROWN & SHARPE SPA | ,BROWN & SHARPE,G56117701,TARJETAS,K2,TJ-024,EMPRESA,FCA TOLUCA ,NA,NA,NA,NA,NA,NA,$460.00,NA,USD,PIEZA,1,1,
G56211002,TARJETA DEA-BROWN & SHARPE SPA | ,TARJETA DEA-BROWN & SHARPE SPA | ,BROWN & SHARPE,G56211002,TARJETAS,K2,TJ-025,EMPRESA,FCA TOLUCA ,NA,NA,NA,NA,NA,NA,$460.00,NA,USD,PIEZA,1,1,
G56116502,TARJETA DEA-BROWN & SHARPE SPA | ,TARJETA DEA-BROWN & SHARPE SPA | ,BROWN & SHARPE,G56116502,TARJETAS,K2,TJ-026,EMPRESA,FCA TOLUCA ,NA,NA,NA,NA,NA,NA,$460.00,NA,USD,PIEZA,1,1,
G51506304-05-06-07,TARJETA DEA,TARJETA DEA,DEA,G51506304-05-06-07,TARJETAS,K2,TJ-027,EMPRESA,FCA TOLUCA ,NA,NA,NA,NA,NA,NA,$460.00,NA,USD,PIEZA,1,1,
G56128703-04-05-06 / G56136200-01-02-03,TARJETA DE SUPERIOR DEA G56128703-04-05-06,TARJETA DE SUPERIOR DEA G56128703-04-05-06,DEA,G56128703-04-05-06,TARJETAS,D3,TJ-028,EMPRESA,SUPERIOR,NA,NA,NA,NA,NA,NA,$460.00,NA,USD,PIEZA,1,1,
DEA G51516101-02-03-04,Tarjeta  PWM para control B3P-L2 ó B3C,Tarjeta  PWM para control B3P-L2 ó B3C,DEA,B3P-L2/B3C,TARJETAS,D3,TJ-029,EMPRESA,SUPERIOR,NA,NA,NA,NA,NA,NA,$460.00,NA,USD,PIEZA,1,1,
,,,,,,,,,,,,,,,,,,,,1,1,
,,,,,,,,,,,,,,,,,,,,,,
NÚMERO DE PARTE,CODIGO SOPORTE METROLOGY,DESCRIPCIÓN,MARCA,MODELO,CLASIFICACIÓN,UBICACIÓN EN ALMACÉN,SUBLOCALIZACIÓN,ORIGEN: (SI LLEGA POR PROVEEDOR O USADO POR EMPRESA),DATOS DE ORIGEN:,ROSCA,DIAMETRO,LARGO,LTU,MATERIAL,MATERIAL DE PUNTA,COSTO UNITARIO,PRECIO DE VENTA,MONEDA,UNIDAD DE MEDIDA,MINIMO EN STOCK,MAXIMOS,
INDF013,BOBINA BELTRAMO,BOBINA BELTRAMO,A. BELTRAMO,INDF013,MOTORES & TRANSMISIONES,B2,MR-001,PROVEEDOR,ELECTROMECANICA A. BELTRAMO,NA,NA,NA,NA,NA,NA,$250.00,$500.00,USD,PIEZA,2,9,
4308 CS,MOTOR PARVEX SM-4308,MOTOR PARVEX EJE Y DEA BRAVO ,PARVEX,4308 CS,MOTORES & TRANSMISIONES,G,MR-002,EMPRESA,NA,NA,NA,NA,NA,NA,NA,$250.00,"$2,500.00",USD,PIEZA,1,2,
M5860585060612 TBV,SERVO MOTOR AMETEK SM-5860585060612 ,Servo Motor ametek pittman 80 / A4180,Ametek Pittman,16/19,MOTORES & TRANSMISIONES,B2,MR-003,PROVEEDOR,AMETEKSINGAPORE PTE LTD,NA,NA,NA,NA,NA,NA,$269.15,"$1,200.00",USD,PIEZA,1,2,
GM2340MC,SERVO MOTOR GLENTEK SM-GM2340MC,Servo Motor Glentek,GLENTEK,GM2340-8-02000810,MOTORES & TRANSMISIONES,B3,MR-004,NA,NA,NA,NA,NA,NA,NA,NA,$250.00,"$1,800.00",USD,PIEZA,1,2,
MT22R2-24,SERVO MOTOR LK SM-MT22R2,Servo Motor LK / T95-K0-M03-S0-B99,LK,MT22R2-24,MOTORES & TRANSMISIONES,C2,MR-005,REFACCIONES LCP,REFACCIONES LCP,NA,NA,NA,NA,NA,NA,$250.00,"$1,800.00",USD,PIEZA,1,2,
R02SA2X3 / TG3VC,SERVO MOTOR MINERTIA SM-R02SA2X3,Servo Motor Minertia Motor,Minertia Motor,R02SA2X3 / TG3VC,MOTORES & TRANSMISIONES,B2,MR-006,REFACCIONES LCP,REFACCIONES LCP,NA,NA,NA,NA,NA,NA,$250.00,"$1,200.00",USD,PIEZA,1,2,
UTOPI-100SC,SERVO MOTOR SM-UTOPI,Servo Motor Minertia Motor,Minertia Motor,UTOPI-100SC,MOTORES & TRANSMISIONES,C3,MR-007,REFACCIONES LCP,REFACCIONES LCP,NA,NA,NA,NA,NA,NA,$250.00,"$1,200.00",USD,PIEZA,1,2,
RS110MR1105,SERVO MOTOR SM-RS110MR1105,Servo Motor Parker,Parker,RS110MR1105,MOTORES & TRANSMISIONES,B2,MR-008,REFACCIONES LCP,REFACCIONES LCP,NA,NA,NA,NA,NA,NA,$250.00,"$1,800.00",USD,PIEZA,1,2,
RS4304AR1149,SERVO MOTOR SM-RS4304AR1149,Servo Motor Parker,Parker,RS4304AR1149,MOTORES & TRANSMISIONES,B3,MR-009,REFACCIONES LCP,REFACCIONES LCP,NA,NA,NA,NA,NA,NA,$250.00,"$1,800.00",USD,PIEZA,1,2,
RS440GR1132,SERVO MOTOR SM-RS440GR1132,Servo Motor Parvex,Parvex,RS440GR1132,MOTORES & TRANSMISIONES,C2,MR-010,REFACCIONES LCP,REFACCIONES LCP,NA,NA,NA,NA,NA,NA,$250.00,"$1,800.00",USD,PIEZA,1,2,
2130T0000000TAA-AF,SERVO MOTOR SM-2130T0000000TAA,PM Servo Motor ,PM SERVO MOTOR,2130T0000000TAA-AF,MOTORES & TRANSMISIONES,B3,MR-011,REFACCIONES LCP,REFACCIONES LCP,NA,NA,NA,NA,NA,NA,$250.00,"$1,200.00",USD,PIEZA,1,2,
1010302300001,SERVO MOTOR SM-1010302300001,Servo Motor Power Company ESA 2S 1214,Motor Power Company,1010302300001,MOTORES & TRANSMISIONES,B3,MR-012,REFACCIONES LCP,REFACCIONES LCP,NA,NA,NA,NA,NA,NA,$250.00,"$1,800.00",USD,PIEZA,1,2,
L404-011EL8,SERVO MOTOR SM-L404,Servo Motor Super L / SANYO DENKI,SANYO DENKI,L404-011EL8,MOTORES & TRANSMISIONES,C3,MR-013,REFACCIONES LCP,REFACCIONES LCP,NA,NA,NA,NA,NA,NA,$250.00,"$2,000.00",USD,PIEZA,1,2,
ACCURATE,Sistema transmisión eje Z,Sistema transmisión eje Z,ACCURATE,ACCURATE,MOTORES & TRANSMISIONES,B2,MR-014,REFACCIONES LCP,REFACCIONES LCP,NA,NA,NA,NA,NA,NA,$250.00,"$1,200.00",USD,PIEZA,1,2,
NA,Transmisiones,Transmisiones,NA,NA,MOTORES & TRANSMISIONES,C3,MR-015,REFACCIONES LCP,REFACCIONES LCP,NA,NA,NA,NA,NA,NA,$250.00,"$1,200.00",USD,PIEZA,1,2,
MT-2250-SPL,SERVO MOTOR BALDOR SM-MT-2250,DC SERVOMOTOR BALDOR,BALDOR,52P105Z006G1,MOTORES & TRANSMISIONES,C3,MR-016,PROVEEDOR,EBAY,NA,NA,NA,NA,NA,NA,$239.39,"$1,800.00",USD,PIEZA,1,2,
MT3528-523CF,SERVO MOTOR SM-MT3528-523CF,PM SERVO MOTOR,SL-MTI | PM SERVO MOTOR,MT3528-523CF,MOTORES & TRANSMISIONES,B2,MR-017,PROVEEDOR,NRI INDUSTRIAL,NA,NA,NA,NA,NA,NA,$168.71,800.00 USD,USD,PIEZA,1,2,
ACCURATE,TRANSMISIÓN EJE Z,TRANSMISIÓN EJE Z,ACCURATE,EJE Z,MOTORES & TRANSMISIONES,C3,MR-018,PROVEEDOR,ACCURATE,NA,NA,NA,NA,NA,NA,$250.00,"$1,200.00",USD,PIEZA,1,2,
M586-0585-0606 13 TPU,SERVO MOTOR AMETEK PITTMAN SM-M58605850606,SERVO MOTOR AMETEK PITTMAN,AMETEK PITTMAN,A4185,MOTORES & TRANSMISIONES,LSS,MR-019,NA,NA,NA,NA,NA,NA,NA,NA,$250.00,"$1,200.00",USD,PIEZA,1,2,
0586-24-024,SERVO MOTOR ROBBINS MYERS SM-M58605850606,SERVO MOTOR ROBBINS MYERS,ROBBINS MYERS,E-586-SA,MOTORES & TRANSMISIONES,LSS,MR-020,NA,NA,NA,NA,NA,NA,NA,NA,$250.00,"$1,200.00",USD,PIEZA,1,2,
RS220FR1135,SERVO MOTOR PARKER SM-RS220FR1135,SERVO MOTOR PARKER,PARKER,RS220FR1135,MOTORES & TRANSMISIONES,K2,MR-021,PROVEEDOR,NA,NA,NA,NA,NA,NA,NA,$250.00,"$1,800.00",USD,PIEZA,1,2,
RS440GAR1115,SERVO MOTOR PARKER SM-RS440GAR1115,Servo Motor Parker,Parker,RS440GAR1115,MOTORES & TRANSMISIONES,MOTORES,MR-022,EMPRESA,FCA TOLUCA,NA,NA,NA,NA,NA,NA,$250.00,"$1,800.00",USD,PIEZA,1,2,
RS410QR1176,SERVO MOTOR PARKER SM-RS410QR1176,Servo Motor Parker,Parker,RS410QR1176,MOTORES & TRANSMISIONES,MOTORES,MR-023,EMPRESA,FCA TOLUCA,NA,NA,NA,NA,NA,NA,$250.00,"$1,800.00",USD,PIEZA,1,2,
RS440GR1115,SERVO MOTOR PARKER SM-RS440GR1115,Servo Motor Parker,Parker,RS440GR1115,MOTORES & TRANSMISIONES,MOTORES,MR-024,EMPRESA,BENTELER PUEBLA ,NA,NA,NA,NA,NA,NA,$250.00,"$1,800.00",USD,PIEZA,1,2,
RS220FR1113,SERVO MOTOR PARKER SM-RS220FR1113,SERVO MOTOR PARKER,PARKER,0.225Nm,MOTORES & TRANSMISIONES,MOTORES,MR-025,EMPRESA,TECNOINDUSTRIAL ,NA,NA,NA,NA,NA,NA,"$11,556.13","$1,800.00",USD,PIEZA,1,2,
MT2130-230AF,SERVO MOTOR SM-MT2130,PM SERVO MOTOR | PARA CMM XCEL - MAGNA,PM SERVO MOTOR,MT2130-230AF,MOTORES & TRANSMISIONES,B2,MR-026,PROVEEDOR,GREEN PENGUIN,NA,NA,NA,NA,NA,NA,$119.95,"$1,200.00",USD,PIEZA,1,2,
T506-051E57,SERVO MOTOR SANYO DENKI SM-T506,SERVO MOTOR SAN MOTION DC SERVO SYSTEMS / SANYO DENKI | MITUTOYO,SANYO DENKI,T506-051E57,MOTORES & TRANSMISIONES,C,MR-027,PROVEEDOR,EBAY,NA,NA,NA,NA,NA,NA,$150.00,"$1,200.00",USD,PIEZA,1,2,
1100-0606-05PTU,SERVO MOTOR MAE SM-1100,SERVOMOTOR MAE (CMM GLOBAL),MAE,M588,MOTORES & TRANSMISIONES,C3,MR-028,NA,LSS,NA,NA,NA,NA,NA,NA,$250.00,"$1,800.00",USD,PIEZA,1,2,
M586 0535 0600 17TPU,SERVO MOTOR MAE SM-M586,SERVOMOTOR MAE (CMM GLOBAL),MAE,1586,MOTORES & TRANSMISIONES,C3,MR-029,PROVEEDOR,SUPERIOR,NA,NA,NA,NA,NA,NA,$250.00,"$1,800.00",USD,PIEZA,1,2,
MB057DT183-005,SRVO MOTOR AUTOMOTION TECNOLOGY SM-MB057DT183,Servo Motor Automation Technology | ITEM: 275254768396,Automation Technology,174000055,MOTORES & TRANSMISIONES,C3,MR-030,PROVEEDOR,EBAY,NA,NA,NA,NA,NA,NA,$100.00,"$1,200.00",USD,PIEZA,1,2,
MB057DT385,SERVO MOTOR AUTOMATION TECHNOLOGY SM-MB057DT385,Servo Motor Automation Technology | ITEM: 284747298122,Automation Technology,3024057,MOTORES & TRANSMISIONES,B2,MR-031,PROVEEDOR,EBAY,NA,NA,NA,NA,NA,NA,$99.57,"$1,200.00",USD,PIEZA,1,2,
0585-0600-06TPU,SERVO MOTOR MAE SM-0585,Servo Motor MAE,MAE,M586,MOTORES & TRANSMISIONES,B2,MR-032,PROVEEDOR,EBAY,NA,NA,NA,NA,NA,NA,$250.00,"$1,800.00",USD,PIEZA,1,2,
2110T0000000TCM-DE,SERVO MOTOR DISCOVERY SM-2110T0000000TCM,"PM SERVO MOTOR | PARA EJE X, Y DE SUPERIOR CMM DISCOVERY II CMC",PM SERVO MOTOR,2110T0000000TCM-DE,MOTORES & TRANSMISIONES,B2,MR-033,PROVEEDOR,EBAY,NA,NA,NA,NA,NA,NA,$299.99,"$1,200.00",USD,PIEZA,1,2,
M586 0585 0600 18 TFJ,SERVO MOTOR SANYO DENKI SM-M586,Servo Motor MAE | ITEM: NEW DO SANYO DENKI SERVOMOTOR V511T019 V511T-019 ZEISS 627203-805-000 | 384067482756,MAE,M586,MOTORES & TRANSMISIONES,B3,MR-034,PROVEEDOR,EBAY,NA,NA,NA,NA,NA,NA,$644.09,"$1,200.00",USD,PIEZA,1,2,
T511T-204,SERVOMOTOR SANYO DENKI T511T,SERVOMOTOR SANYO DENKI T511T-204,SANYO DENKI,T511T-205,MOTORES & TRANSMISIONES,ESPECIAL  5,MR-035,PROVEEDOR,ACCURATE,NA,NA,NA,NA,NA,NA,$870.00,"$1,800.00",USD,PIEZA,1,2,
T720-164,SERVOMOTOR SANYO DENKI T720,SERVOMOTOR SANYO DENKI T720-164,SANYO DENKI,T720-165,MOTORES & TRANSMISIONES,ESPECIAL 5,MR-036,PROVEEDOR,ACCURATE,NA,NA,NA,NA,NA,NA,"$1,000.00","$1,800.00",USD,PIEZA,1,2,
0586-24-024,SERVOMOTOR ROBBINS MYERS 0586,SERVOMOTOR ROBBINS MYERS 0586-24-024,ROBBINS MYERS,E-586-SA,MOTORES & TRANSMISIONES,B2,MR-037,NA,NA,NA,NA,NA,NA,NA,NA,$250.00,"$1,200.00",USD,PIEZA,1,2,
MB057DT183,SERVO MOTOR SM-MB057DT183,MB057DT183,AUTOMATION TECHNOLOGY,MB057DT183,MOTORES & TRANSMISIONES,B2,MR-038,PROVEEDOR,GLN,NA,NA,NA,NA,NA,NA,$250.00,"$1,800.00",USD,PIEZA,1,2,
M586 0585 0606 20 TEU,SERVO MOTOR AMETEK SM-M586,SERVOMOTOR AMETEK ,AMETEK PITTMAN,M586 0585 0606 20 TEU,MOTORES & TRANSMISIONES,B2,MR-039,PROVEEDOR,TECNOINDUSTRIAL NASU,NA,NA,NA,NA,NA,NA,"$22,251.59","$1,800.00",USD,PIEZA,1,2,
,,,,,,,,,,,,,,,,,,,,,,
,,,,,,,,,,,,,,,,,,,,,,
NÚMERO DE PARTE,CODIGO SOPORTE METROLOGY,DESCRIPCIÓN,MARCA,MODELO,CLASIFICACIÓN,UBICACIÓN EN ALMACÉN,SUBLOCALIZACIÓN,ORIGEN: (SI LLEGA POR PROVEEDOR O USADO POR EMPRESA),DATOS DE ORIGEN:,ROSCA,DIAMETRO,LARGO,LTU,MATERIAL,MATERIAL DE PUNTA,COSTO UNITARIO,PRECIO DE VENTA,MONEDA,UNIDAD DE MEDIDA,MINIMO EN STOCK,MAXIMOS,
NA,ESCALA RSF,ESCALA RSF,RSF,RSF,ESCALA,A1,EC-001,NA,NA,NA,NA,NA,NA,NA,NA,NA,NA,USD,PIEZA,1,1,
NA,ESCALA CON LECTOR DEA,ESCALA CON LECTOR DEA,DEA,DEA,ESCALA,A1,EC-002,NA,NA,NA,NA,NA,NA,NA,NA,NA,NA,USD,PIEZA,1,1,
D771G9999696 MSA670,ESCALA DE CRISTAL RFS ELECTRONIKS ,ESCALA DE CRISTAL RFS ELECTRONIKS ,RSF ELECTRONIKS,D771G9999696 MSA670,ESCALA,ESPECIAL1 ,EC-003,NA,NA,NA,NA,NA,NA,NA,NA,NA,NA,USD,PIEZA,1,1,
NA,ESCALA GHIBLI,ESCALA GHIBLI,DEA,GHIBLI,ESCALA,A1,EC-004,NA,NA,NA,NA,NA,NA,NA,NA,NA,NA,USD,PIEZA,1,1,
4308-095,ESCALA HEIDENHEIN EJE X 4308-095 TAP,ESCALA HEIDENHEIN EJE X 4308-095 TAP,HEINDENHEIN,4308-095 TAP,ESCALA,A1,EC-005,NA,NA,NA,NA,NA,NA,NA,NA,NA,NA,USD,PIEZA,1,1,
A-9523-4015-03-E,RGC-F END CLAMP KIT,RGC-F END CLAMP KIT,RENISHAW,A-9523-4015-03-E,ESCALA,A1,EC-006,PROVEEDOR,RENISHAW,NA,NA,NA,NA,NA,NA,$15.00,$20.00,USD,PIEZA,6,12,
A-9531-0251-03,RGP22S Limit Switch Actuator,RGP22S Limit Switch Actuator,RENISHAW,A-9531-0251-03,ESCALA,A1,EC-007,PROVEEDOR,RENISHAW,NA,NA,NA,NA,NA,NA,$11.25,$20.00,USD,PIEZA,6,12,
A-9531-0250-04,RGM22S REFERENCE MARK ACTUATOR,RGM22S REFERENCE MARK ACTUATOR,RENISHAW,W0007304,ESCALA,A1,EC-008,PROVEEDOR,RENISHAW,NA,NA,NA,NA,NA,NA,$13.50,$20.00,USD,PIEZA,6,12,
A-9523-8020-03,METRO DE ESCALA RENISHAW RGS20  PARA CMM ,RGS20-S SCALE 20M LONG SCALE / ADHSIVE POLY,RENISHAW,20000 mm,ESCALA,A1,EC-009,PROVEEDOR,RENISHAW,NA,NA,NA,NA,NA,NA,NA,$450.00,USD,PIEZA,20000 mm,40000 mm,
,,,,,,,,,,,,,,,,,,,,,,
,,,,,,,,,,,,,,,,,,,,,,
NÚMERO DE PARTE,CODIGO SOPORTE METROLOGY,DESCRIPCIÓN,MARCA,MODELO,CLASIFICACIÓN,UBICACIÓN EN ALMACÉN,SUBLOCALIZACIÓN,ORIGEN: (SI LLEGA POR PROVEEDOR O USADO POR EMPRESA),DATOS DE ORIGEN:,ROSCA,DIAMETRO,LARGO,LTU,MATERIAL,MATERIAL DE PUNTA,COSTO UNITARIO,PRECIO DE VENTA,MONEDA,UNIDAD DE MEDIDA,MINIMO EN STOCK,MAXIMOS,
LIDA17D,Lector LIDA17D,Lector LIDA17D,HEINDENHAIN,LIDA17D,LECTORES,B5,LR-001,REFACCIONES LCP,NA,NA,NA,NA,NA,NA,NA,$30.00,$40.00,USD,PIEZA,1,1,
384 323-01,Lector LIDA 18C,Lector LIDA 18C,HEINDENHAIN,LECTOR LIDA 18C,LECTORES,B5,LR-002,NA,NA,NA,NA,NA,NA,NA,NA,$30.00,$40.00,USD,PIEZA,1,1,
233 042 13,Lector LIDA 19P/100,Lector LIDA 19P/100,HEINDENHAIN,LECTOR LIDA 19P/100,LECTORES,B5,LR-003,NA,NA,NA,NA,NA,NA,NA,NA,$30.00,$40.00,USD,PIEZA,1,1,
NA,LECTOR ESPECIAL DE IMS | LECTOR 1 | FALTAN PRUEBAS EN CMM,LECTOR ESPECIAL DE IMS | LECTOR 1 | FALTAN PRUEBAS EN CMM,IMS,IMS,LECTORES,C5,LR-004,PROVEEDOR,INNOVTION METROLOGY SOLUTION,NA,NA,NA,NA,NA,NA,$30.00,$40.00,USD,PIEZA,1,1,
RGH22B5L00B,LECTORES RGH22B5L00B,LECTORES RGH22B5L00B | ANÁLOGO |  FUNCIONAL USADO,RENISHAW,RGH22B5L00B,LECTORES,C5,LR-005,PROVEEDOR,RENISHAW,NA,NA,NA,NA,NA,NA,$30.00,$40.00,USD,PIEZA,1,1,
RGH22R10D00A,LECTORES RGH22R10D00A | RGH22 0.5 um 1m cable 15 w-D D/L,LECTORES RGH22R10D00A | RGH22 0.5 um 1m cable 15 w-D D/L,RENISHAW,RGH22R10D00A,LECTORES,C5,LR-006,PROVEEDOR,RENISHAW,NA,NA,NA,NA,NA,NA,$476.25,$750.00,USD,PIEZA,6,12,
MSA 670.73,LECTOR RSF,LECTOR RSF,RSF ELECTRONIKS ,D771G0199900,LECTORES,B4,LR-007,PROVEEDOR,RSF,NA,NA,NA,NA,NA,NA,$200.00,$260.00,USD,PIEZA,1,1,
MSA 671.73,LECTOR RSF,LECTOR RSF,RSF ELECTRONIKS ,D792E0199900,LECTORES,B4,LR-008,PROVEEDOR,RSF,NA,NA,NA,NA,NA,NA,$200.00,$260.00,USD,PIEZA,1,1,
MSA 370.73,LECTOR RSF,LECTOR RSF,RSF ELECTRONIKS ,D756G0199900,LECTORES,B4,LR-009,PROVEEDOR,RSF,NA,NA,NA,NA,NA,NA,$200.00,$260.00,USD,PIEZA,1,1,
MS 26.94-2M,LECTOR RSF,LECTOR RSF,RSF ELECTRONIKS ,800742-01,LECTORES,C4,LR-010,PROVEEDOR,RSF,NA,NA,NA,NA,NA,NA,$200.00,$260.00,USD,PIEZA,1,1,
MS 26.74-2M,LECTOR RSF,LECTOR RSF,RSF ELECTRONIKS ,MS 26.74-2M,LECTORES,C4,LR-011,PROVEEDOR,RSF,NA,NA,NA,NA,NA,NA,$200.00,$260.00,USD,PIEZA,1,1,
,,,,,,,,,,,,,,,,,,,,,,
NÚMERO DE PARTE,CODIGO SOPORTE METROLOGY,DESCRIPCIÓN,MARCA,MODELO,CLASIFICACIÓN,UBICACIÓN EN ALMACÉN,SUBLOCALIZACIÓN,ORIGEN: (SI LLEGA POR PROVEEDOR O USADO POR EMPRESA),DATOS DE ORIGEN:,ROSCA,DIAMETRO,LARGO,LTU,MATERIAL,MATERIAL DE PUNTA,COSTO UNITARIO,PRECIO DE VENTA,MONEDA,UNIDAD DE MEDIDA,MINIMO EN STOCK,MAXIMOS,
1200J,BANDA PARA CMM 1200MM ,BANDA A=47mm L=1200mm 20 COTILLAS| 1200J | 3 349,POGGI,20 COTILLAS,BANDA,A4,BND-001,REFACCIONES LCP,POWERGRIP,NA,NA,NA,NA,NA,NA,$50.00,$100.00,USD,PIEZA,1,2,
JASON 180 J,BANDA PARA CMM 450MM ,BANDA JASON 180 J A=11 MM L= 450MM | 5 COSTILLAS| 16 011 | HILO,JASON,5 COSTILLAS,BANDA,A4,BND-002,REFACCIONES LCP,WALTHER FLENDER GMBH,NA,NA,NA,NA,NA,NA,$50.00,$100.00,USD,PIEZA,1,2,
TD 5,BANDA PARA CMM 440 MM,BANDA TD 5 STS 53 MM S3M 447 (SCIROCCO EJE Z) | A=15mm L= 440 mm | HILO ,BANDO,SCIROCCO EJE Z,BANDA,A4,BND-003,REFACCIONES LCP,JASON,NA,NA,NA,NA,NA,NA,$50.00,$100.00,USD,PIEZA,1,2,
HTD 447-3M,BANDA PARA CMM 440 MM,BANDA HTD 447-3M (SCIROCCO EJE Y) A=15mm L=440mm,BANDO,SCIROCCO EJE Y,BANDA,A4,BND-004,REFACCIONES LCP,Walther Flender GmbH,NA,NA,NA,NA,NA,NA,$50.00,$100.00,USD,PIEZA,1,2,
HTD 384-3M,BANDA PARA CMM 380 MM,BANDA HTD 384-3M (SCIROCCO EJE X) A=8mm L=380mm,BANDO | TRANSLINK EU,SCIROCCO EJE X,BANDA,A4,BND-005,REFACCIONES LCP,NA,NA,NA,NA,NA,NA,NA,$50.00,$100.00,USD,PIEZA,1,2,
GATES 50 STD,BANDA GATES 50 STD ,BANDA GATES 50 STD BLANCA (SCIROCCO TRACCION),GATES,SCIROCCO TRACCION,BANDA,A4,BND-006,REFACCIONES LCP,NA,NA,NA,NA,NA,NA,NA,$50.00,$100.00,USD,PIEZA,1,2,
50 STD5 3600,BANDA PARA CMM 3600 MM,Banda Blanca / Dentada / 50 STD5 3600 SO.E / A=50MM L=3600M | STEEL,GATES,DENTADA,BANDA,A4,BND-007,REFACCIONES LCP,NA,NA,NA,NA,NA,NA,NA,$50.00,$100.00,USD,PIEZA,1,2,
HTD246-3M,BANDA PARA CMM 246 MM,Banda Negra / Dentada / HTD246-3M / A= 10mm L=246 (mitutoyo),Synchro,NEGRA/DENTADA,BANDA,A4,BND-008,REFACCIONES LCP,NA,NA,NA,NA,NA,NA,NA,$50.00,$100.00,USD,PIEZA,1,2,
HT255-3M,BANDA PARA CMM 255 MM,Banda Negra / Dentada / HT255-3M / A=6MM L=255MM (Mitutoyo) | HILO,Synchro,NEGRA/DENTADA,BANDA,A4,BND-009,REFACCIONES LCP,NA,NA,NA,NA,NA,NA,NA,$50.00,$100.00,USD,PIEZA,1,2,
STS-2M 250,BANDA PARA CMM 250 MM ,Banda Negra / Dentada / STS-2M 250 / A=6mm L=250mm (Mitutoyo) | HILO,Synchro,NEGRA/DENTADA,BANDA,A4,BND-010,REFACCIONES LCP,NA,NA,NA,NA,NA,NA,NA,$50.00,$100.00,USD,PIEZA,1,2,
Lisa / 10X356,BANDA PARA CMM 356 MM,Bandas Verde / Hechiza / Lisa / 10X356,NA,HECHIZA/LISA,BANDA,A4,BND-011,REFACCIONES LCP,NA,NA,NA,NA,NA,NA,NA,$50.00,$100.00,USD,PIEZA,1,2,
180 J,BANDA PARA CMM 460 MM,Banda 180 J 9mm 4 costillas (motor global) | 16 155 | A=9mm L=460mm,JASON,4 COSTILLAS,BANDA,A4,BND-012,REFACCIONES LCP,NA,NA,NA,NA,NA,NA,NA,$50.00,$100.00,USD,PIEZA,1,2,
280J 5 056,BANDA PARA CMM 711 MM,Banda Negra / 4 Costillas / 280J 5 056/ A=9mm L=711mm,RIB-ACE,4 COSTILLAS,BANDA,A4,BND-013,REFACCIONES LCP,NA,NA,NA,NA,NA,NA,NA,$50.00,$100.00,USD,PIEZA,1,2,
20-5285 3A4,BANDA PARA CMM 290 MM,Banda Negra / Dentada / 20-5285 3A4 / A=8 L=290 Paso 5mm,NA,NEGRA/DENTADA,BANDA,A4,BND-014,REFACCIONES LCP,NA,NA,NA,NA,NA,NA,NA,$50.00,$100.00,USD,PIEZA,1,2,
T5X630,BANDA PARA CMM 630 MM,Banda Amarilla / Dentada / T5X630 / A=15mm L=630mm | Steel,GATES MECTROL,AMARILLA/DENTADA,BANDA,A4,BND-015,REFACCIONES LCP,NA,NA,NA,NA,NA,NA,NA,$50.00,$100.00,USD,PIEZA,1,2,
HTD 3M-384,BANDA PARA CMM 384 MM,Banda Negra / Dentada / HTD 3M-384 / A=10MM L=384MM |,Jason,NEGRA/DENTADA,BANDA,A4,BND-016,REFACCIONES LCP,NA,NA,NA,NA,NA,NA,NA,$50.00,$100.00,USD,PIEZA,1,2,
875VC,BANDA PARA CMM 875 MM,Banda Negra / Dentada / Compresor / 875VC / A=38MM L=875MM,Bando Power Max,NEGRA/DENTADA,BANDA,A4,BND-017,REFACCIONES LCP,NA,NA,NA,NA,NA,NA,NA,$50.00,$100.00,USD,PIEZA,1,2,
HTD 5M,BANDA PARA CMM 14.6 MTS,BANDA NEGRA HTD 5M 25MM NEOPRENO | A=25MM L=14.6MTS | HILO,NA,NEOPRENO,BANDA,A4,BND-018,REFACCIONES LCP,NA,NA,NA,NA,NA,NA,NA,$50.00,$100.00,USD,PIEZA,1,2,
CMM 470,BANDA PARA CMM 470 MM,Bandas Verde / Hechiza / Lisa / A=10MM L=470MM Zeiss,NA,470MM ZEISS,BANDA,A4,BND-019,REFACCIONES LCP,NA,NA,NA,NA,NA,NA,NA,$50.00,$100.00,USD,PIEZA,1,2,
CMM 200,BANDA PARA CMM 200 MM,Bandas Verde / Hechiza / Lisa / A=11MM L=200MM ,NA,HECHIZA/LISA,BANDA,A4,BND-020,REFACCIONES LCP,NA,NA,NA,NA,NA,NA,NA,$50.00,$100.00,USD,PIEZA,1,2,
Elastica 0.05,BANDA PARA CMM 320 MM,Banda Negra / Elastica 0.05/ Lisa / A=7MM L=320MM ,NA,ELASTICA,BANDA,A4,BND-021,REFACCIONES LCP,NA,NA,NA,NA,NA,NA,NA,$50.00,$100.00,USD,PIEZA,1,2,
PL- 7.25,BANDA PARA CMM 180 MM,Bandas Negra / Lisa / PL- 7.25 / A=20MM L=180MM,GATES,NEGRA/LISA,BANDA,A4,BND-022,REFACCIONES LCP,NA,NA,NA,NA,NA,NA,NA,$50.00,$100.00,USD,PIEZA,1,2,
82-442-107-1,BANDA PARA CMM 194 MM,Banda Negra / Lisa / A=13MM L=194MM ,NA,NEGRA/LISA,BANDA,A4,BND-023,REFACCIONES LCP,NA,NA,NA,NA,NA,NA,NA,$50.00,$100.00,USD,PIEZA,1,2,
CMM 280,BANDA PARA CMM 280 MM,Banda Verde / Hechiza / Lisa / A=10MM L=280MM,NA,HECHIZA/LISA,BANDA,A4,BND-024,REFACCIONES LCP,NA,NA,NA,NA,NA,NA,NA,$50.00,$100.00,USD,PIEZA,1,2,
M5,BANDA PARA CMM 1240 MM,BANDA NEGRA NEOPRENO / M5 / A=15MM L=1.24M | STEEL,ACCURATE,NEOPRENO,BANDA,A4,BND-025,REFACCIONES LCP,NA,NA,NA,NA,NA,NA,NA,$50.00,$100.00,USD,PIEZA,1,2,
CMM 220,BANDA PARA CMM 220 MM,Banda Verde / Hechiza / Lisa / A=10MM L=220MM,NA,HECHIZA/LISA,BANDA,A4,BND-026,REFACCIONES LCP,NA,NA,NA,NA,NA,NA,NA,$50.00,$100.00,USD,PIEZA,1,2,
HTDLL 5M-50,BANDA PARA CMM 1400 MM,BANDA NEGRA HTDLL 5M-50 | L=1400MM A=16MM | STEEL,POWERGRIP,NEGRA HTDLL 5M,BANDA,A4,BND-027,REFACCIONES LCP,NA,NA,NA,NA,NA,NA,NA,$50.00,$100.00,USD,PIEZA,12 METROS,30 METROS,
HTDLL 5M-50,BANDA PARA CMM 1600 MM,BANDA NEGRA HTDLL 5M-50 | L=1600MM A=16MM | STEEL,POWERGRIP,NEGRA HTDLL 5M,BANDA,A4,BND-028,REFACCIONES LCP,NA,NA,NA,NA,NA,NA,NA,$50.00,$100.00,USD,PIEZA,1,2,
HTD5.25,BANDA PARA CMM 2050 MM,Banda negra dentada HTD5.25 | L=2.05 Mts A=25mm | STEEL,ACCURATE,NEGRA/DENTADA,BANDA,A4,BND-029,REFACCIONES LCP,NA,NA,NA,NA,NA,NA,NA,$50.00,$100.00,USD,PIEZA,1,2,
HTD5.25,BANDA PARA CMM 1850 MM,Banda negra dentada HTD5.25 | L=1.85 Mts A=25mm | STEEL,ACCURATE,NEGRA/DENTADA,BANDA,A4,BND-030,REFACCIONES LCP,NA,NA,NA,NA,NA,NA,NA,$50.00,$100.00,USD,PIEZA,1,2,
HTD5.25,BANDA PARACMM 1250 MM,Banda negra dentada HTD5.25 | L=1.25 Mts A=14mm | STEEL,ACCURATE,NEGRA/DENTADA,BANDA,A4,BND-031,REFACCIONES LCP,NA,NA,NA,NA,NA,NA,NA,$50.00,$100.00,USD,PIEZA,1,2,
CMM 1200,BANDA PARA CMM 1200 MM,BANDA DENTADA NEGRA| L=1.20M A=15MM | STEEL,NA,NEGRA/DENTADA,BANDA,A4,BND-032,LCP CAJA ,NA,NA,NA,NA,NA,NA,NA,$50.00,$100.00,USD,PIEZA,1,2,
285 J,BANDA PARA CMM 285J,BANDA MULTIRIB 285 J NEGRA 4 COSTILLAS | A=10MM | STEEL,JASON,4 COSTILLAS,BANDA,A4,BND-033,PROVEEDOR ,SERVIBANDAS DE MEXICO ,NA,NA,NA,NA,NA,NA,$50.00,$100.00,USD,PIEZA,1,2,
12*190 MM,BANDA PARA CMM 190 MM,BANDA 12x190MM SIN DENTAR AZUL,NA,SIN DENTAR AZUL,BANDA,A4,BND-034,NA,NA,NA,NA,NA,NA,NA,NA,$50.00,$100.00,USD,PIEZA,1,2,
HTD 670,BANDA PARA CMM 360 MM,BANDA NEGRA CERRADA HTD 670 5M | L=360MM A=25MM | HILO,POWERGRIP,CERRADA,BANDA,A4,BND-035,EMPRESA,FCA TOLUCA,NA,NA,NA,NA,NA,NA,$50.00,$100.00,USD,PIEZA,1,2,
HTD 420,BANDA PARA CMM 210 MM,BANDA NEGRA CERRADA HTD 420 3M | L=210MM A=10MM | ,POWERGRIP,CERRADA,BANDA,A4,BND-036,EMPRESA,FCA TOLUCA,NA,NA,NA,NA,NA,NA,$50.00,$100.00,USD,PIEZA,1,2,
473J PJ1200,BANDA PARA CMM 570 MM,BANDA NEGRA DENTADA CERRADA 473J PJ1200 | L=570MM A=50MM | ,MICRO-V,DENTADA CERRADA,BANDA,A4,BND-037,EMPRESA,FCA TOLUCA,NA,NA,NA,NA,NA,NA,$50.00,$100.00,USD,PIEZA,1,2,
230J 21,BANDA PARA CMM 57 MM,BANDA NEGRA DENTADA CERRADA 230J 21 | L=57MM A=20MM | 8 CANALES ,TRANS POWER,DENTADA CERRADA,BANDA,A4,BND-038,PROVEEDOR,CBM BANDAS INDUSTRIALES | AMERICANAS Y EUROPEAS,NA,NA,NA,NA,NA,NA,$50.00,$100.00,USD,PIEZA,1,2,
50 LL-5M,BANDA PARA CMM 5000 MM,BANDA HTD 5M SPECIAL TOOTHED BELTS LONG LENGTH 50 LL-5M 680,WALTHER FLENDER,680,BANDA,A5,BND-039,PROVEEDOR,WALTHER FLENDER,NA,NA,NA,NA,NA,NA,$100.00,$150.00,USD,PIEZA,1,2,
LL-5M-25mm,BANDA PARA CMM 50 LL 5M 2300 MM,BANDA HTD 5M SPECIAL TOOTHED BELTS LONG LENGTH 50 LL-5M 30M 680 | 2.3m x 25mm,WALTHER FLENDER,TOOTHED BELTS,BANDA,A5,BND-040,PROVEEDOR,WALTHER FLENDER,NA,NA,NA,NA,NA,NA,$50.00,$100.00,USD,PIEZA,1,2,
100XL 02-2008,BANDA PARA CMM 240 MM,BANDA DENVER 100XL 02-2008 A=10mm L-240mm,DENVER,DENVER,BANDA,A5,BND-041,REFACCIONES LCP,LCP NAVE,NA,NA,NA,NA,NA,NA,$50.00,$100.00,USD,PIEZA,1,2,
237,BANDAPARA CMM 340 MM,BANDA 237 SYNCHROFLEX AT 3/351 E3/8 A=10mm L-340mm AMARILLA,SYNCHROFLEX,3/351 E3/8,BANDA,A5,BND-042,REFACCIONES LCP,LCP NAVE,NA,NA,NA,NA,NA,NA,$50.00,$100.00,USD,PIEZA,1,2,
LL-5M-25mm,BANDA PARA CMM 50 LL 5M 1830 MM,BANDA HTD 5M SPECIAL TOOTHED BELTS LONG LENGTH 50 LL-5M 680 | 1830mm x 25mm,WALTHER FLENDER,TOOTHED BELTS,BANDA,A5,BND-043,REFACCIONES LCP,LCP NAVE,NA,NA,NA,NA,NA,NA,$50.00,$100.00,USD,PIEZA,1,2,
LL-5M-25mm,BANDA PARA CMM 50 LL 5M 2670 MM,BANDA HTD 5M SPECIAL TOOTHED BELTS LONG LENGTH 50 LL-5M 680 | 2670mm x 25mm,WALTHER FLENDER,TOOTHED BELTS,BANDA,A5,BND-044,REFACCIONES LCP,LCP NAVE,NA,NA,NA,NA,NA,NA,$50.00,$100.00,USD,PIEZA,1,2,
50 LL-5M,BANDA PARA CMM 50 LL 5M 4500 MM,"BANDA HTD 5M SPECIAL TOOTHED BELTS LONG LENGTH 50 LL-5M  680
L=4.5M A=18MM",WALTHER FLENDER,L=4.5M A=18MM,BANDA,A5,BND-045,REFACCIONES LCP,NA,NA,NA,NA,NA,NA,NA,$50.00,$100.00,USD,PIEZA,1,2,
,,,,,,,,,,,,,,,,,,,,,,
,,,,,,,,,,,,,,,,,,,,,,
NÚMERO DE PARTE,CODIGO SOPORTE METROLOGY,DESCRIPCIÓN,MARCA,MODELO,CLASIFICACIÓN,UBICACIÓN EN ALMACÉN,SUBLOCALIZACIÓN,ORIGEN: (SI LLEGA POR PROVEEDOR O USADO POR EMPRESA),DATOS DE ORIGEN:,ROSCA,DIAMETRO,LARGO,LTU,MATERIAL,MATERIAL DE PUNTA,COSTO UNITARIO,PRECIO DE VENTA,MONEDA,UNIDAD DE MEDIDA,MINIMO EN STOCK,MAXIMOS,
EAGLE.head-m PKJ,PRUBE HEAD PANTEC,PRUBE HEAD PANTEC,PANTEC METROLOGY,EAGLE.head-m PKJ,CABEZAL & ACCESORIOS,A3,CZ-001,PROVEEDOR,PANTEC,NA,NA,NA,NA,NA,NA,"$4,096.00","$5,200.00",USD,PIEZA,1,1,
A-5863-4000,PRUBE HEAD PH10M PLUS,PRUBE HEAD PH10M PLUS,RENISHAW,PH10M PLUS,CABEZAL & ACCESORIOS,A2,CZ-002,PROVEEDOR,RENISHAW,NA,NA,NA,NA,NA,NA,"$4,096.00","$5,200.00",USD,PIEZA,2,3,
A-1025-4500,PRUBE HEAD PH10M,PRUBE HEAD PH10M,RENISHAW,PH10M LEGACY,CABEZAL & ACCESORIOS,A2,CZ-003,PROVEEDOR,RENISHAW,NA,NA,NA,NA,NA,NA,"$1,872.00","$5,200.00",USD,PIEZA,2,3,
A-5663-6000,PRUBE HEAD PH10MQ PLUS,PRUBE HEAD PH10MQ PLUS,RENISHAW,PH10MQ PLUS,CABEZAL & ACCESORIOS,A2,CZ-004,PROVEEDOR,RENISHAW,NA,NA,NA,NA,NA,NA,"$4,096.00","$5,200.00",USD,PIEZA,2,3,
A-1025-6500,PRUBE HEAD PH10MQ,PRUBE HEAD PH10MQ,RENISHAW,PH10MQ LEGACY,CABEZAL & ACCESORIOS,A2,CZ-005,PROVEEDOR,RENISHAW,NA,NA,NA,NA,NA,NA,"$4,096.00","$5,200.00",USD,PIEZA,2,3,
A-1016-7675-02,HEAD CABLE PL13U,HEAD CABLE PL13U,RENISHAW,PL13U,CABEZAL & ACCESORIOS,A2,CZ-006,PROVEEDOR,RENISHAW,NA,NA,NA,NA,NA,NA,$174.30,$250.00,USD,PIEZA,2,4,
A-1016-7676-01,PROBE HEAD CABLE PL93U,PROBE HEAD CABLE PL93U,RENISHAW,PL93U,CABEZAL & ACCESORIOS,A2,CZ-007,PROVEEDOR,RENISHAW,NA,NA,NA,NA,NA,NA,$208.60,$250.00,USD,PIEZA,2,4,
A-1016-6440-03,CABLE STRAIGHT 0.15M | CABLE PARA CABEZAL MANUAL (CMM IOTA),CABLE STRAIGHT 0.15M | CABLE PARA CABEZAL MANUAL (CMM IOTA),RENISHAW,STRAIGHT 0.15M,CABEZAL & ACCESORIOS,A3,CZ-008,PROVEEDOR,RENISHAW,NA,NA,NA,NA,NA,NA,$44.10,$100.00,USD,PIEZA,1,1,
NA,Pieza de montaje para cabezal QUILL / ACCURATE,PIEZA DE MONTAJE PARA CABEZAL QUILL / ACCURATE,ACCURATE,QUILL / ACCURATE,CABEZAL & ACCESORIOS,A3,CZ-009,PROVEEDOR,ACCURATE,NA,NA,NA,NA,NA,NA,$50.00,$200.00,USD,PIEZA,1,1,
NA,Pieza de montaje para cabezal QUILL  CONVERTIDOR DE PH10MQ A PH10M,PIEZA DE MONTAJE PARA CABEZAL QUILL  CONVERTIDOR DE PH10MQ A PH10M,NA,QUILL CONVERTIDOR,CABEZAL & ACCESORIOS,A3,CZ-010,PROVEEDOR,ACCURATE,NA,NA,NA,NA,NA,NA,$50.00,$500.00,USD,PIEZA,1,1,
,,,,,,,,,,,,,,,,,,,,,,
NÚMERO DE PARTE,CODIGO SOPORTE METROLOGY,DESCRIPCIÓN,MARCA,MODELO,CLASIFICACIÓN,UBICACIÓN EN ALMACÉN,SUBLOCALIZACIÓN,ORIGEN: (SI LLEGA POR PROVEEDOR O USADO POR EMPRESA),DATOS DE ORIGEN:,ROSCA,DIAMETRO,LARGO,LTU,MATERIAL,MATERIAL DE PUNTA,COSTO UNITARIO,PRECIO DE VENTA,MONEDA,UNIDAD DE MEDIDA,MINIMO EN STOCK,MAXIMOS,
9539,CABLE  9  HILOS ,MULTI-CONDUCTOR-COMPUTER CABLE FOR EIA RS-232 9  HILOS CONDUCTORES 24 A WG,BELDEN,9 HILOS,CABLES & MANGUERAS,BOBINAS ,CA-001,PROVEEDOR,BELDEN,NA,NA,NA,NA,NA,NA,$2.00,$5.00,USD,Metros,100 M,300 M,
9536,CABLE  9  HILOS ,MULTI-CONDUCTOR-COMPUTER CABLE FOR EIA RS-232 6  HILOS CONDUCTORES 24 A WG,BELDEN,6 HILOS,CABLES & MANGUERAS,BOBINAS ,CA-002,PROVEEDOR,BELDEN,NA,NA,NA,NA,NA,NA,$2.00,$5.00,USD,Metros,100 M,300 M,
1960112762,CABLE 3 HILOS,"CABLE 3 HILOS P/ MOTOR        
F-CY-JZ 362,5QMM / 16417 300/500V",HELUBATEL,3 HILOS,CABLES & MANGUERAS,BOBINAS ,CA-003,PROVEEDOR,HELUBATEL,NA,NA,NA,NA,NA,NA,$2.00,$5.00,USD,Metros,100 M,300 M,
1960138880,CABLE 2 HILOS  ,"CABLE 2 HILOS P/ TACHO
TRONIC-CY (LiY-CY) 2X1 QMM / 16475 500V ",HELUBATEL,2 HILOS,CABLES & MANGUERAS,BOBINAS ,CA-004,PROVEEDOR,HELUBATEL,NA,NA,NA,NA,NA,NA,$2.00,$5.00,USD,Metros,100 M,300 M,
9541 060 1000FT,CABLE 15 HILOS,MULTI-CONDUCTOR-COMPUTER CABLE FOR EIA RS-232 15 HILOS CONDUCTORES 24 A WG,BELDEN,15 HILOS,CABLES & MANGUERAS,BOBINAS ,CA-005,PROVEEDOR,BELDEN,NA,NA,NA,NA,NA,NA,$2.00,$5.00,USD,Metros,100 M,300 M,
SAS729PW18,ADAPTADOR DIVISOR SAS 29 PINES A MOLEX MACHO LP4 Y SATA,ADAPTADOR DIVISOR SAS 29 PINES A MOLEX MACHO LP4 Y SATA,STARTECH COM,LP4 Y SATA,CABLES & MANGUERAS,E1,CA-006,PROVEEDOR,STARTECH COM,NA,NA,NA,NA,NA,NA,$274.14,$350.00,MXN,PIEZA,1,1,
,,,,,,,,,,,,,,,,,,,,,,
NÚMERO DE PARTE,CODIGO SOPORTE METROLOGY,DESCRIPCIÓN,MARCA,MODELO,CLASIFICACIÓN,UBICACIÓN EN ALMACÉN,SUBLOCALIZACIÓN,ORIGEN: (SI LLEGA POR PROVEEDOR O USADO POR EMPRESA),DATOS DE ORIGEN:,ROSCA,DIAMETRO,LARGO,LTU,MATERIAL,MATERIAL DE PUNTA,COSTO UNITARIO,PRECIO DE VENTA,MONEDA,UNIDAD DE MEDIDA,MINIMO EN STOCK,MAXIMOS,
A-5000-3553,Palpador M3 bola de rubi 3x21mm SM-500-3553,"Bola de rubí M3 de Ø3 mm, vástago de acero inoxidable, L 21 mm, LTU 14,7 mm",RENISHAW,A-5000-3553,PALPADORES,CENTRO DE PALPADORES  Y EXTENSIONES ,PP-001,PROVEEDOR,RENISHAW,M3,Ø 3 mm,21 mm,"14,7 mm",acero inoxidable,Rubí,$32.00,$45.00,USD,PIEZA,2,5,
A-5000-3554,Palpador M3 bola de rubí 4x21mm SM-5000-3554,"Bola de rubí M3 de Ø4 mm, vástago de acero inoxidable, L 31 mm, LTU 27 mm",RENISHAW,A-5000-3554,PALPADORES,CENTRO DE PALPADORES  Y EXTENSIONES ,PP-002,PROVEEDOR,RENISHAW,M3,Ø4 mm,31 mm,27 mm,vástago de acero inoxidable,Bola de rubí,$32.00,$45.00,USD,PIEZA,2,5,
A-5000-3603,Palpador M2 bola de rubí 2x20mm SM-5000-3603,"Bola de rubí M2 Ø2 mm, vástago de acero inoxidable, L 20 mm",RENISHAW,A-5000-3603,PALPADORES,CENTRO DE PALPADORES  Y EXTENSIONES ,PP-003,PROVEEDOR,RENISHAW,M2,Ø2 mm,20 mm,NA,vástago de acero inoxidable,Bola de rubí,$17.50,$25.00,USD,PIEZA,10,15,
A-5000-3604,Palpador M2 bola de rubí 3x10mm SM-5000-3604,"Bola de rubí M2 de Ø3 mm, vástago de acero inoxidable, L 10 mm, LTU 7 mm",RENISHAW,A-5000-3604,PALPADORES,CENTRO DE PALPADORES  Y EXTENSIONES ,PP-004,PROVEEDOR,RENISHAW,M2,Ø 3 mm,10 mm,7mm,vástago de acero inoxidable,Bola de rubí,$15.40,$25.00,USD,PIEZA,5,10,
A-5000-3611,Disco de rubí M2 Ø6 mm,"Disco de rubí M2 Ø6 mm, 1,2 mm de grosor, con rodillo bola",RENISHAW,A-5000-3611,PALPADORES,CENTRO DE PALPADORES  Y EXTENSIONES ,PP-005,PROVEEDOR,RENISHAW,M2,Ø6 mm,NA,NA,NA,Disco de rubí,$49.00,$65.00,USD,PIEZA,1,3,
A-5000-3626,Palpador M2 bola de rubí 5 vías 2x30mm SM-5000-3626,"Palpador M2 de 5 vías, en estrella con bola de rubí de Ø2 mm, 30 mm de separación",RENISHAW,A-5000-3626,PALPADORES,CENTRO DE PALPADORES  Y EXTENSIONES ,PP-006,PROVEEDOR,RENISHAW,M2,Ø2 mm,30 mm,NA,NA,Rubí,$93.10,$130.00,USD,PIEZA,2,3,
A-5000-3627,"Centro  de estrella M2 de 5 vías, L 7,5 mm","Centro / Palpador de estrella M2 de 5 vías, L 7,5 mm",RENISHAW,A-5000-3627,PALPADORES,CENTRO DE PALPADORES  Y EXTENSIONES ,PP-007,PROVEEDOR,RENISHAW,M2,NA,"7,5 mm",NA,NA,NA,$33.60,$45.00,USD,PIEZA,2,3,
A-5000-3709,Palpador M4 bola de rubí 6x50mm SM-5000-3709,"Bola de rubí M4 de Ø6 mm, vástago de cerámica, L 50 mm, LTU 38,5 mm",RENISHAW,A-5000-3709,PALPADORES,CENTRO DE PALPADORES  Y EXTENSIONES ,PP-008,PROVEEDOR,RENISHAW,M4,Ø6 mm,50 mm,38.5 mm,Ceramica,Bola de rubí,$67.90,$90.00,USD,PIEZA,2,3,
A-5000-4154,Palpador M2 bola de rubí 4x10mm SM-5000-4154,"Bola de rubí M2 de Ø4 mm, vástago de acero inoxidable, L 10 mm, LTU 10 mm",RENISHAW,A-5000-4154,PALPADORES,CENTRO DE PALPADORES  Y EXTENSIONES ,PP-009,PROVEEDOR,RENISHAW,M2,Ø4 mm,10 mm,10 mm,vástago de acero inoxidable,Bola de rubí,$15.40,$25.00,USD,PIEZA,5,10,
A-5000-4155,Palpador M2 bola de rubí 5x10mm SM-5000-4155,"Bola de rubí M2 de Ø5 mm, vástago de acero inoxidable, L 10 mm, LTU 10 mm",RENISHAW,A-5000-4155,PALPADORES,CENTRO DE PALPADORES  Y EXTENSIONES ,PP-010,PROVEEDOR,RENISHAW,M2,Ø5 mm,10 mm,10 mm,acero inoxidable,Rubí,$25.25,$40.00,USD,PIEZA,2,3,
A-5000-4156,Palpador M2 bola de rubí 6x10mm SM-5000-4156,"Bola de rubí M2 de Ø6 mm, vástago de acero inoxidable, L 10 mm, LTU 10 mm",RENISHAW,A-5000-4156,PALPADORES,CENTRO DE PALPADORES  Y EXTENSIONES ,PP-011,PROVEEDOR,RENISHAW,M2,Ø6 mm,10 mm,10 mm,acero inoxidable,Rubí,$27.30,$80.00,USD,PIEZA,2,3,
A-5000-4158,Palpador M2 bola de rubí 8x11mm SM-5000-4158,"Bola de rubí M2 de Ø8 mm, vástago de acero inoxidable, L 11 mm, LTU 11 mm",RENISHAW,A-5000-4158,PALPADORES,CENTRO DE PALPADORES  Y EXTENSIONES ,PP-012,PROVEEDOR,RENISHAW,M2,Ø8 mm,11 mm,11 mm,acero inoxidable,Rubí,$50.40,$70.00,USD,PIEZA,1,2,
A-5000-4160,Palpador M2 bola de rubí 3x20mm SM-5000-4160,"Bola de rubí M2 de Ø3 mm, vástago de acero inoxidable, L 20 mm, LTU 17 mm",RENISHAW,A-5000-4160,PALPADORES,CENTRO DE PALPADORES  Y EXTENSIONES ,PP-013,PROVEEDOR,RENISHAW,M2,Ø 3 mm,20 mm,17 mm,vástago de acero inoxidable,Bola de rubí,$17.50,$25.00,USD,PIEZA,5,10,
A-5000-4161,Palpador M2 bola de rubí 4x20mm SM-5000-4161,"Bola de rubí M2 de Ø4 mm, vástago de acero inoxidable, L 20 mm, LTU 20 mm",RENISHAW,A-5000-4161,PALPADORES,CENTRO DE PALPADORES  Y EXTENSIONES ,PP-014,PROVEEDOR,RENISHAW,M2,Ø4 mm,20 mm,20 mm,vástago de acero inoxidable,Bola de rubí,$17.50,$25.00,USD,PIEZA,5,10,
A-5000-7534,M2 Palpador acodado 8 mm,M2 Stylus Knuckle | Palpador acodado M2  L 8 mm,RENISHAW,A-5000-7534,PALPADORES,CENTRO DE PALPADORES  Y EXTENSIONES ,PP-015,PROVEEDOR,RENISHAW,M2,NA,NA,NA,NA,NA,$49.70,$65.00,USD,PIEZA,1,3,
A-5000-7632,Palpador M3 bola de rubí 5x21mm SM-5000-7632,"Bola de rubí M3 de Ø0,5 mm, vástago de carburo de tungsteno, L 21 mm, LTU 2 mm",RENISHAW,A-5000-7632,PALPADORES,CENTRO DE PALPADORES  Y EXTENSIONES ,PP-016,PROVEEDOR,RENISHAW,M3,"Ø0,5 mm",21 mm,2 mm,carburo de tungsteno,Rubí,$68.60,$100.00,USD,PIEZA,5,10,
A-5000-7650,Palpador especial para PH20 Bola de carboro de tungsteno M2 Ø3X10 mm,"Palpador especial para PH20
Bola de carboro de tungsteno M2 Ø3 mm, L 10 mm, vastago de acero inoxidable ",RENISHAW,A-5000-7650,PALPADORES,CENTRO DE PALPADORES  Y EXTENSIONES ,PP-017,PROVEEDOR,RENISHAW,M2,Ø 3 mm,10 mm,NA,vástago de acero inoxidable,Bola de rubí,$32.00,$50.00,USD,PIEZA,1,2,
A-5000-7672,Palpador M4 bola de rubí 5x150mm SM-5000-7672,"Bola de carburo de tungsteno M4 de Ø5 mm, vástago de acero inoxidable, L 150 mm, LTU 132,5 mm",RENISHAW,A-5000-7672,PALPADORES,CENTRO DE PALPADORES  Y EXTENSIONES ,PP-018,PROVEEDOR,RENISHAW,M4,Ø5 mm,150 mm,"132,5 mm",vástago de acero inoxidable,Bola de carburo de tungsteno,$88.00,$115.00,USD,PIEZA,1,5,
A-5000-7800,Palpador M2 bola de rubí 3x10mm SM-5000-7800,"Bola de rubí M2 Ø0,3 mm, vástago de carburo de tungsteno, L 10 mm, LTU 2 mm",RENISHAW,A-5000-7800,PALPADORES,CENTRO DE PALPADORES  Y EXTENSIONES ,PP-019,PROVEEDOR,RENISHAW,M2        ,Ø 0.3 mm,10 mm,2 mm,carrburo de tungsteno,bola de rubí,$77.70,$115.00,USD,PIEZA,3,5,
A-5000-7803,Palpador M2 bola de rubí 2.5x10mm SM-5000-7803,"Bola de rubí M2 de Ø2,5 mm, vástago de acero inoxidable, L 10 mm, LTU 6,5 mm",RENISHAW,A-5000-7803,PALPADORES,CENTRO DE PALPADORES  Y EXTENSIONES ,PP-020,PROVEEDOR,RENISHAW,M2,"Ø2,5 mm",10 mm,"6,5 mm",acero inoxidable,Rubí,$37.10,$60.00,USD,PIEZA,2,5,
A-5000-7804,Palpador M2 bola de rubí 2.5X20mm SM-5000-7804,"Bola de rubí M2 de Ø2,5 mm, vástago de acero inoxidable, L 20 mm, LTU 16,4 mm",RENISHAW,A-5000-7804,PALPADORES,CENTRO DE PALPADORES  Y EXTENSIONES ,PP-021,PROVEEDOR,RENISHAW,M2,"Ø2,5 mm",20 mm,"16,4 mm",acero inoxidable,Rubí,$15.40,$25.00,USD,PIEZA,2,5,
A-5000-7805,Palpador M2 bola de rubí 5x10mm SM-5000-7805,"Bola de rubí M2 de Ø0,5 mm, vástago de carburo de tungsteno, L 10 mm, LTU 3 mm",RENISHAW,A-5000-7805,PALPADORES,CENTRO DE PALPADORES  Y EXTENSIONES ,PP-022,PROVEEDOR,RENISHAW,M2,"Ø0,5 mm",10 mm,3 mm,vástago de carburo de tungsteno,Bola de rubí,$63.00,$85.00,USD,PIEZA,2,5,
A-5000-7806,Palpador M2 bola de rubí 1x10mm SM-5000-7806,"Bola de rubí M2 de Ø1 mm, vástago de acero inoxidable, L 10 mm, LTU 4,5 mm",RENISHAW,A-5000-7806,PALPADORES,CENTRO DE PALPADORES  Y EXTENSIONES ,PP-023,PROVEEDOR,RENISHAW,M2,Ø1 mm,10 mm,4.5 mm,vástago de acero inoxidable,Bola de rubí,$22.40,$35.00,USD,PIEZA,2,5,
A-5000-7807,Palpador M2 bola de rubí 2x10mm SM-5000-7807,"Bola de rubí M2 de Ø2 mm, vástago de acero inoxidable, L 10 mm, LTU 6 mm
",RENISHAW,A-5000-7807,PALPADORES,CENTRO DE PALPADORES  Y EXTENSIONES ,PP-024,PROVEEDOR,RENISHAW,M2,Ø 2 mm,10 mm,6 mm,acero inoxidable,bola de rubí,$15.40,$25.00,USD,PIEZA,5,10,
A-5000-7808,Palpador M2 bola de rubí 1x20mm SM-5000-7808,"Bola de rubí M2 de Ø1 mm, vástago de carburo de tungsteno, L 20 mm, LTU 7 mm",RENISHAW,A-5000-7808,PALPADORES,CENTRO DE PALPADORES  Y EXTENSIONES ,PP-025,PROVEEDOR,RENISHAW,M2,Ø1 mm,20 mm,NA,acero inoxidable,Rubí,$34.30,$45.00,USD,PIEZA,5,10,
A-5000-7812,Palpador cilindrico bola de rubí 2x21.2mm SM-5000-7812,"Cilindro terminado en esfera de rubí M2 Ø2 mm, vástago de acero inoxidable, L 21,2mm",RENISHAW,A-5000-7812,PALPADORES,CENTRO DE PALPADORES  Y EXTENSIONES ,PP-026,PROVEEDOR,RENISHAW,M2,Ø2 mm,21.2 mm,NA,vástago de acero inoxidable,Cilindro terminado en esfera de rubí,$102.90,$150.00,USD,PIEZA,3,5,
A-5000-8395,"Centro de estrella M2 de 4 vías 7,5 mm","Palpador de estrella M2 de 4 vías, L 7,5 mm",RENISHAW,A-5000-8395,PALPADORES,CENTRO DE PALPADORES  Y EXTENSIONES ,PP-027,PROVEEDOR,RENISHAW,M2,NA,"7,5 mm",NA,acero inoxidable,NA,$44.80,$65.00,USD,PIEZA,2,4,
A-5000-8663,Palpador M2 bola de rubí 1x27.5mm SM-5000-8663,"Bola de rubí M2 de Ø1 mm, vástago de carburo de tungsteno, L 27,5 mm, LTU 20,5 mm",RENISHAW,A-5000-8663,PALPADORES,CENTRO DE PALPADORES  Y EXTENSIONES ,PP-028,PROVEEDOR,RENISHAW,M2,Ø1 mm," 27,5 mm"," 20,5 mm",acero inoxible,Bola de rubí,$58.80,$85.00,USD,PIEZA,5,10,
A-5000-8876,Palpador cilindro en esfera de rubí M2 de Ø1 mm 15 mm SM-500-8876,"Cilindro terminado en esfera de rubí M2 de Ø1 mm, vástago de acero inoxidable, L 15 mm",RENISHAW,A-5000-8876,PALPADORES,CENTRO DE PALPADORES  Y EXTENSIONES ,PP-029,PROVEEDOR,RENISHAW,M2,Ø1 mm,15 mm,NA,acero inoxidable,Rubí cilindro,$129.50,$185.00,USD,PIEZA,1,1,
A-5003-0033,Palpador M2 bola de rubí 1x20mm SM-5003-0033,"Bola de rubí M2 de Ø1 mm, vástago de carburo de tungsteno, L 20 mm, LTU 12,5 mm",RENISHAW,A-5003-0033,PALPADORES,CENTRO DE PALPADORES  Y EXTENSIONES ,PP-030,PROVEEDOR,RENISHAW,M2,Ø1 mm,20 mm,"12,5 mm",vástago de carburo de tungsteno,Bola de rubí,$38.50,$50.00,USD,PIEZA,5,10,
A-5003-0035,Palpador  M2 bola de rubí1.5x30mm SM-5003-0035,"Bola de rubí M2 de Ø1,5 mm, vástago de carburo de tungsteno, L 30 mm, LTU 22,5 mm",RENISHAW,A-5003-0035,PALPADORES,CENTRO DE PALPADORES  Y EXTENSIONES ,PP-031,PROVEEDOR,RENISHAW,M2,"Ø 1,5 mm",30 mm,"22,5 mm",carburo de tungsteno,Rubí,$26.60,$40.00,USD,PIEZA,5,10,
A-5003-0036,Palpador M2 bola de rubí 2x30mm SM-5003-0036,"Bola de rubí M2 de Ø2 mm, vástago de carburo de tungsteno, L 30 mm, LTU 22,5 mm",RENISHAW,A-5003-0036,PALPADORES,CENTRO DE PALPADORES  Y EXTENSIONES ,PP-032,PROVEEDOR,RENISHAW,M2,Ø 2 mm,30 mm,"LTU 22,5 mm",vástago de carburo de tungsteno,Bola de rubí,$30.80,$40.00,USD,PIEZA,5,10,
A-5003-0037,.Palpador M2 bola de rubí 2x40mm SM-5003-0037,"Bola de rubí M2 de Ø2 mm, vástago de carburo de tungsteno, L 40 mm, LTU 32,5 mm",RENISHAW,A-5003-0037,PALPADORES,CENTRO DE PALPADORES  Y EXTENSIONES ,PP-033,PROVEEDOR,RENISHAW,M2,Ø 2 mm,40 mm,"32,5 mm",vástago de carburo de tungsteno,Bola de rubí,$34.30,$50.00,USD,PIEZA,3,5,
A-5003-0040,Palpador M2 bola de rubí 3X30mm SM-5003-0040,"Bola de rubí M2 de Ø3 mm, vástago de carburo de tungsteno, L 30 mm, LTU 27 mm",RENISHAW,A-5003-0040,PALPADORES,CENTRO DE PALPADORES  Y EXTENSIONES ,PP-034,PROVEEDOR,RENISHAW,M2,Ø 3 mm,30 mm,27 mm,vástago de carburo de tungsteno,Bola de rubí,$30.80,$45.00,USD,PIEZA,5,10,
A-5003-0041,Palpador M2 bola de rubí 3x40mm SM-5003-0041,"Bola de rubí M2 de Ø3 mm, vástago de carburo de tungsteno, L 40 mm, LTU 37 mm",RENISHAW,A-5003-0041,PALPADORES,CENTRO DE PALPADORES  Y EXTENSIONES ,PP-035,PROVEEDOR,RENISHAW,M2,Ø 3 mm,40 mm,37 mm,vástago de carburo de tungsteno,Bola de rubí,$34.30,$45.00,USD,PIEZA,3,5,
A-5003-0042,Palpador M2 bola de rubí 3x50mm SM-5003-0042,"Bola de rubí M2 de Ø3 mm, vástago de carburo de tungsteno, L 50 mm, LTU 47 mm",RENISHAW,A-5003-0042,PALPADORES,CENTRO DE PALPADORES  Y EXTENSIONES ,PP-036,PROVEEDOR,RENISHAW,M2,Ø 3 mm,50 mm,47 mm,vástago de carburo de tungsteno,Bola de rubí,$30.80,$45.00,USD,PIEZA,5,10,
A-5003-0043,Palpador M2 bola de rubí 4x30mm SM-5003-0043,"Bola de rubí M2 de Ø4 mm, vástago de carburo de tungsteno, L 30 mm, LTU 30 mm",RENISHAW,A-5003-0043,PALPADORES,CENTRO DE PALPADORES  Y EXTENSIONES ,PP-037,PROVEEDOR,RENISHAW,M2,Ø 4 mm,30 mm,30 mm,vástago de carburo de tungsteno,Bola de rubí,$30.80,$45.00,USD,PIEZA,3,5,
A-5003-0044,Palpador M2 bola de rubí 4x40mm SM-5003-0044,"Palpador Bola de rubí M2 de Ø4 mm, vástago de carburo de tungsteno, L 40 mm, LTU 40 mm
",RENISHAW,A-5003-0044,PALPADORES,CENTRO DE PALPADORES  Y EXTENSIONES ,PP-038,PROVEEDOR,RENISHAW,M2,Ø 4 mm,40 mm,40 mm,vástago de carburo de tungsteno,Bola de rubí,$34.30,$55.00,USD,PIEZA,3,5,
A-5003-0046,Palpador M2 bola de rubí 5x20mm SM-5003-0046,"Bola de rubí M2 de Ø5 mm, vástago de carburo de tungsteno, L 20 mm, LTU 20 mm",RENISHAW,A-5003-0046,PALPADORES,CENTRO DE PALPADORES  Y EXTENSIONES ,PP-039,PROVEEDOR,RENISHAW,M2,Ø 5 mm,20 mm,20 mm,carburo de tungsteno,Rubí,$30.80,$45.00,USD,PIEZA,3,5,
A-5003-0048,Palpador M2 bola de rubí 5x40.25mm SM-5003-0048,"Palpador Bola de rubí M2 de Ø5 mm, vástago de carburo de tungsteno, L 40,25 mm, LTU 40,25 mm
",RENISHAW,A-5003-0048,PALPADORES,CENTRO DE PALPADORES  Y EXTENSIONES ,PP-040,PROVEEDOR,RENISHAW,M2,Ø 5 mm,40 mm,"40,25 mm",vástago de carburo de tungsteno,Bola de rubí,$37.10,$50.00,USD,PIEZA,2,5,
A-5003-0053,Palpador M3 bola de rubí 2x40mm SM-5003-0053,"Bola de rubí M3 de Ø2 mm, vástago de carburo de tungsteno, L 40 mm, LTU 32,5 mm",RENISHAW,A-5003-0053,PALPADORES,CENTRO DE PALPADORES  Y EXTENSIONES ,PP-041,PROVEEDOR,RENISHAW,M3,Ø 2 mm,40 mm,"32,5 mm",carburo de tungteno,bola de rubí,$34.30,$50.00,USD,PIEZA,3,5,
A-5003-0057,Palpador M3 bola de rubí 3x30mm SM-5003-0057,"Bola de rubí M3 de Ø3 mm, vástago de carburo de tungsteno, L 30 mm, LTU 24 mm",RENISHAW,A-5003-0057,PALPADORES,CENTRO DE PALPADORES  Y EXTENSIONES ,PP-042,PROVEEDOR,RENISHAW,M3,Ø 3 mm,30 mm,24 mm,vástago de carburo de tungsteno,Bola de rubí,$44.00,$60.00,USD,PIEZA,3,5,
A-5003-0059,Palpador M3 bola de rubí 3x50mm SM-5003-0059,"Bola de rubí M3 de Ø3 mm, vástago de carburo de tungsteno, L 50 mm, LTU 43,7 mm",RENISHAW,A-5003-0059,PALPADORES,CENTRO DE PALPADORES  Y EXTENSIONES ,PP-043,PROVEEDOR,RENISHAW,M3,Ø 3 mm,50 mm,NA,carburo de tungsteno,Rubí,$37.10,$60.00,USD,PIEZA,3,5,
A-5003-0061,Palpador M3 bola de rubí 4x50mm SM-5003-0061,"Bola de rubí M3 de Ø4 mm, vástago de carburo de tungsteno, L 50 mm, LTU 46 mm",RENISHAW,A-5003-0061,PALPADORES,CENTRO DE PALPADORES  Y EXTENSIONES ,PP-044,PROVEEDOR,RENISHAW,M3,Ø 4 mm,50 mm,46 mm,vástago de carburo de tungsteno,Bola de rubí,$37.10,$60.00,USD,PIEZA,3,5,
A-5003-0073,Palpador Cilindrico esfera de rubí M2 Ø4 mm 22 mm SM-5003-0073,"Cilindro terminado en esfera de rubí M2 Ø4 mm, vástago de acero inoxidable, L 22 mm",RENISHAW,A-5003-0073,PALPADORES,CENTRO DE PALPADORES  Y EXTENSIONES ,PP-045,PROVEEDOR,RENISHAW,M2,Ø 4 mm,22 mm,NA,acero inoxidable,Cilindro terminado en esfera de rubí,$91.00,$120.00,USD,PIEZA,3,5,
A-5003-0074,Palpador Cilindrico esfera de rubí M2 Ø2mm 40 mm SM-5003-0074,"Cilindro terminado en esfera de carburo de tungsteno M2 de Ø2 mm, vástago de carburo de tungsteno, L 40 mm",RENISHAW,A-5003-0074,PALPADORES,CENTRO DE PALPADORES  Y EXTENSIONES ,PP-046,PROVEEDOR,RENISHAW,M2,Ø 2 mm,40 mm,NA,vástago de carburo de tungsteno,carburo de tungsteno,$60.90,$80.00,USD,PIEZA,3,5,
A-5003-0076,"Palpador M3 de 5 vías, en estrella con bola de rubí de Ø2X 30 mm ","Palpador M3 de 5 vías, en estrella con bola de rubí de Ø2 mm, 30 mm de separación",RENISHAW,A-5003-0076,PALPADORES,CENTRO DE PALPADORES  Y EXTENSIONES ,PP-047,PROVEEDOR,RENISHAW,M3,Ø 2 mm,30 mm de separación,NA,NA,Bola de rubí,$140.00,$185.00,USD,PIEZA,1,2,
A-5003-0077,"Palpador M3 de 5 vías, en estrella con bola de rubí de Ø2x 50 mm ","Palpador M3 de 5 vías, en estrella con bola de rubí de Ø2 mm, 50 mm de separación",RENISHAW,A-5003-0077,PALPADORES,CENTRO DE PALPADORES  Y EXTENSIONES ,PP-048,PROVEEDOR,RENISHAW,M3,Ø 2 mm,50 mm de separación,NA,NA,Bola de rubí,$140.00,$185.00,USD,PIEZA,1,2,
A-5003-0577,Palpador M2 bola de rubí 7x20mm SM-5003-0577,"Bola de rubí M2 de Ø0,7 mm, vástago de carburo de tungsteno, L 20 mm, LTU 12 mm",RENISHAW,A-5003-0577,PALPADORES,CENTRO DE PALPADORES  Y EXTENSIONES ,PP-049,PROVEEDOR,RENISHAW,M2,"Ø 0,7 mm",20 mm,12 mm,carburo de tungteno,bola de rubí,$74.90,$110.00,USD,PIEZA,2,3,
A-5003-1210,"Palpador Cilindrico en esfera de carburo de tungsteno M2 Ø0,5 x15,3 mm","Cilindro terminado en esfera de carburo de tungsteno M2 Ø0,5 mm, L 15,3 mm",RENISHAW,A-5003-1210,PALPADORES,CENTRO DE PALPADORES  Y EXTENSIONES ,PP-050,PROVEEDOR,RENISHAW,M2,"Ø 0,5 mm","15,3 mm",NA,Cilindro terminado en esfera de carburo de tungsteno,Cilindro terminado en esfera de carburo de tungsteno,$133.00,$175.00,USD,PIEZA,1,2,
A-5003-1218,"Palpador Cilindrico terminado en esfera de carburo de tungsteno M2 de Ø1 x 35,5 mm","Cilindro terminado en esfera de carburo de tungsteno M2 de Ø1 mm, vástago de acero inoxidable, L 35,5 mm",RENISHAW,A-5003-1218,PALPADORES,CENTRO DE PALPADORES  Y EXTENSIONES ,PP-051,PROVEEDOR,RENISHAW,M2,Ø 1 mm,"35,5 mm",NA,acero inoxidable,cilindro,$112.00,$145.00,USD,PIEZA,1,2,
A-5003-1219,"Palpador Cilindrico terminado en esfera de carburo de tungsteno M2 de Ø1,5 x 15,8 mm","Cilindro terminado en esfera de carburo de tungsteno M2 de Ø1,5 mm, vástago de acero inoxidable, L 15,8 mm",RENISHAW,A-5003-1219,PALPADORES,CENTRO DE PALPADORES  Y EXTENSIONES ,PP-052,PROVEEDOR,RENISHAW,M2,"Ø 1,5 mm","15,8 mm",NA,acero inoxidable,Cilindro de carburo de tungsteno ,$59.65,$85.00,USD,PIEZA,1,2,
A-5003-1345,Palpador M2 bola de rubí 5x20mm SM-5003-1345,"Bola de rubí M2 de Ø0,5 mm, vástago de carburo de tungsteno, L 20 mm, LTU 7 mm",RENISHAW,A-5003-1345,PALPADORES,CENTRO DE PALPADORES  Y EXTENSIONES ,PP-053,PROVEEDOR,RENISHAW,M2,"Ø 0,5 mm",20 mm,7 mm,vástago de carburo de tungsteno,Bola de rubí,$73.50,$110.00,USD,PIEZA,5,10,
A-5003-2932,Palpador M4 bola de rubí 2x20mm SM-5003-2932,"Bola de rubí M4 de Ø2 mm, vástago de carburo de tungsteno, L 20 mm, LTU 10 mm",RENISHAW,A-5003-2932,PALPADORES,CENTRO DE PALPADORES  Y EXTENSIONES ,PP-054,PROVEEDOR,RENISHAW,M4,Ø 2 mm,20 mm,10 mm,carburo de tungsteno,Rubí,$60.20,$80.00,USD,PIEZA,2,2,
A-5003-4177,Palpador M2 bola de rubí 3x30mm SM-5003-4177,"Bola de rubí M2 de Ø3 mm, vástago de cerámica, L 30 mm, LTU 27 mm",RENISHAW,A-5003-4177,PALPADORES,CENTRO DE PALPADORES  Y EXTENSIONES ,PP-055,PROVEEDOR,RENISHAW,M2,Ø 3 mm,30 mm,27 mm,cerámica,bola de rubí,$58.80,$80.00,USD,PIEZA,2,3,
A-5003-4782,Palpador M2 bola de rubí 6x30mm SM-5003-4782,"Bola de rubí M2 de Ø6 mm, vástago de fibra de carbono, L 30 mm, LTU 30 mm",RENISHAW,A-5003-4782,PALPADORES,CENTRO DE PALPADORES  Y EXTENSIONES ,PP-056,PROVEEDOR,RENISHAW,M2,Ø 6 mm,30 mm,30 mm,fibra de carbono,bola de rubí,$76.30,$110.00,USD,PIEZA,1,1,
A-5003-4791,Palpador M2 bola de rubí 1x18.5mm SM-5003-4791,"Centro de palpadores en estrella con bola de rubí M2 Ø1 mm, vástago de carburo de tungsteno, L 18,5 mm",RENISHAW,A-5003-4791,PALPADORES,CENTRO DE PALPADORES  Y EXTENSIONES ,PP-057,PROVEEDOR,RENISHAW,M3,Ø 1 mm,"18,5 mm",NA,vástago de carburo de tungsteno,Bola de rubí,$87.50,$115.00,USD,PIEZA,2,2,
A-5003-4793,Palpador M4 bola de rubí 3x20mm SM-5003-479,"Bola de rubí M4 de Ø3 mm, vástago de carburo de tungsteno, L 20 mm, LTU 8,5 mm",RENISHAW,A-5003-4793,PALPADORES,CENTRO DE PALPADORES  Y EXTENSIONES ,PP-058,PROVEEDOR,RENISHAW,M4,Ø 3 mm,20 mm,"8,5 mm",carburo de tungsteno,Rubí,$60.20,$80.00,USD,PIEZA,2,3,
A-5003-4796,Palpador M4 bola de rubí 6x20mm SM-5003-4796,"Bola de rubí M4 de Ø6 mm, vástago de carburo de tungsteno, L 20 mm, LTU 10,7 mm",RENISHAW,A-5003-4796,PALPADORES,CENTRO DE PALPADORES  Y EXTENSIONES ,PP-059,PROVEEDOR,RENISHAW,M4,Ø 6 mm,20 mm,"10,7 mm",carburo de tungsteno,Rubí,$64.40,$85.00,USD,PIEZA,2,3,
A-5003-5217,Palpador M5 bola de rubí 2.5x30mm SM-5003-5217,"Bola de rubí M5 de Ø2,5 mm, vástago de carburo de tungsteno, L 30 mm, LTU 21 mm",RENISHAW,A-5003-5217,PALPADORES,CENTRO DE PALPADORES  Y EXTENSIONES ,PP-060,PROVEEDOR,RENISHAW,M5,"Ø 2,5 mm",30 mm,21 mm,vástago de carburo de tungsteno,Bola de rubí,$67.00,$90.00,USD,PIEZA,1,2,
A-5003-5235,Palpador M5 bola de rubí 4x50mm SM-5003-5235,"Bola de rubí M5 Ø4 mm, vástago de carburo de tungsteno, L 50 mm",RENISHAW,A-5003-5235,PALPADORES,CENTRO DE PALPADORES  Y EXTENSIONES ,PP-061,PROVEEDOR,RENISHAW,M5,Ø 4 mm,50 mm,NA,vástago de carburo de tungsteno,Bola de rubí,$86.00,$225.00,USD,PIEZA,1,2,
A-5003-5236,Palpador M5 bola de rubí 5x50mm SM-5003-5236,"Bola de rubí M5 Ø5 mm, vástago de carburo de tungsteno, L 50 mm",RENISHAW,A-5003-5236,PALPADORES,CENTRO DE PALPADORES  Y EXTENSIONES ,PP-062,PROVEEDOR,RENISHAW,M5,Ø 6 mm,50 mm,NA,vástago de carburo de tungsteno,Bola de rubí,$86.00,$225.00,USD,PIEZA,1,2,
A-5003-9506,Palpador M2 bola de rubí 3x50mm SM-5003-9506,"Bola de rubí M2 de Ø3 mm, vástago de fibra de carbono, L 50 mm, LTU 47 mm",RENISHAW,A-5003-9506,PALPADORES,CENTRO DE PALPADORES  Y EXTENSIONES ,PP-063,PROVEEDOR,RENISHAW,M2,Ø 3 mm,50 mm,47 mm,fibra de carbono,Rubí,$230.00,$300.00,USD,PIEZA,1,2,
A-5004-0422,Palpador M3 bola de rubí 3x10mm SM-5004-0422,"Bola de rubí M3 de Ø3 mm, vástago de acero inoxidable, L 10 mm, LTU 6,5 mm",RENISHAW,A-5004-0422,PALPADORES,CENTRO DE PALPADORES  Y EXTENSIONES ,PP-064,PROVEEDOR,RENISHAW,M3,Ø 3 mm,10 mm,"6,5 mm",vástago de acero inoxidable,Bola de rubí,$50.00,$65.00,USD,PIEZA,5,10,
A-5004-2182,PH20 Calibration Stylus,PH20 Calibration Stylus,RENISHAW,A-5004-2182,PALPADORES,CENTRO DE PALPADORES  Y EXTENSIONES ,PP-065,PROVEEDOR,RENISHAW,NA,NA,NA,NA,NA,NA,$73.00,$100.00,USD,PIEZA,1,1,
A-5004-7589,"Palpador Cilindrico de acero cromado 1,5 x10,75 mm","Cilindro de acero cromado 1,5 mm, L 10,75 mm",RENISHAW,A-5004-7589,PALPADORES,CENTRO DE PALPADORES  Y EXTENSIONES ,PP-066,PROVEEDOR,RENISHAW,NA,"Ø 1,5 mm","10,75 mm",NA,NA,CILINDRO DE ACERO ,$30.80,$45.00,USD,PIEZA,1,2,
A-5004-7590,"Cilindro de acero cromado 3 mm.  L 12,75 mm","Cilindro de acero cromado 3 mm.  L 12,75 mm",RENISHAW,A-5004-7590,PALPADORES,CENTRO DE PALPADORES  Y EXTENSIONES ,PP-067,PROVEEDOR,RENISHAW,M2 ,Ø 3 mm,12.75 mm. ,NA,NA,NA,$26.00,$40.00,USD,PIEZA,1,1,
USB-PRS-3MM-XL-ZIR,PALPADOR 3 MM ZIRCON BALL PROBE  PARA BRAZO ARTICULADO,3 MM ZIRCON BALL PROBE (1 1/4´´ THREAD) FOR USB PARA BRAZO ARTICULADO EDGE,METROLOGYWORKS,BRAZO ARTICULADO EDGE,PALPADORES,CENTRO DE PALPADORES  Y EXTENSIONES ,PP-068,PROVEEDOR,METROLOGYWORKS,NA,Ø 3 mm,NA,NA,NA,NA,$243.00,$450.00,USD,PIEZA,2,4,
USB-PRS-6MM-ZIR,PALPADOR 6 MM ZIRCON BALL PROBE  PARA BRAZO ARTICULADO ,6 MM ZIRCON BALL PROBE (1 1/4´´ THREAD) FOR USB PARA BRAZO ARTICULADO EDGE,METROLOGYWORKS,BRAZO ARTICULADO EDGE,PALPADORES,CENTRO DE PALPADORES  Y EXTENSIONES ,PP-069,PROVEEDOR,METROLOGYWORKS,NA,Ø 6 mm,NA,NA,NA,NA,$243.00,$450.00,USD,PIEZA,2,4,
USB-PRS-3MM-ZIR,PALPADOR 3 MM ZIRCON BALL PROBE PARA BRAZO ARTICULADO,3 MM ZIRCON BALL PROBE (1 1/4´´ THREAD) FOR USB PARA BRAZO ARTICULADO QUANTUM ,METROLOGYWORKS,BRAZO ARTICULADO QUANTUM,PALPADORES,CENTRO DE PALPADORES  Y EXTENSIONES ,PP-070,PROVEEDOR,METROLOGYWORKS,NA,Ø 3 mm,NA,NA,NA,NA,$243.00,$450.00,USD,PIEZA,2,4,
USB-PRS-6MM-ZIR,PALPADOR 6 MM ZIRCON BALL PROBE PARA BRAZO ARTICULADO,6 MM ZIRCON BALL PROBE (1 1/4´´ THREAD) FOR USB PARA BRAZO ARTICULADO QUANTUM,METROLOGYWORKS,BRAZO ARTICULADO QUANTUM,PALPADORES,CENTRO DE PALPADORES  Y EXTENSIONES ,PP-071,PROVEEDOR,METROLOGYWORKS,NA,Ø 6 mm,NA,NA,NA,NA,$243.00,$450.00,USD,PIEZA,2,4,
,,,,,,,,,,,,,,,,,,,,,,
,,,,,,,,,,,,,,,,,,,,,,
NÚMERO DE PARTE,CODIGO SOPORTE METROLOGY,DESCRIPCIÓN,MARCA,MODELO,CLASIFICACIÓN,UBICACIÓN EN ALMACÉN,SUBLOCALIZACIÓN,ORIGEN: (SI LLEGA POR PROVEEDOR O USADO POR EMPRESA),DATOS DE ORIGEN:,ROSCA,DIAMETRO,LARGO,LTU,MATERIAL,MATERIAL DE PUNTA,COSTO UNITARIO,PRECIO DE VENTA,MONEDA,UNIDAD DE MEDIDA,MINIMO EN STOCK,MAXIMOS,
A-1047-3484,BARRA DE EXTENSION LIGERA 50 MM SM-1047-3484,PEL1 Barra de extensión ligera de 50 mm ,RENISHAW,A-1047-3484,EXTENSIONES,CENTRO DE PALPADORES Y EXTENSIONES ,EX-001,PROVEEDOR,RENISHAW,NA,NA,50 mm,NA,ALIMINIO,NA,$207.90,$270.27,USD,PIEZA,1,1,
A-1047-3485,BARRA DE EXTENSION LIGERA 100 MM SM-1047-3485,EXTENSION BAR ASSEMBLY 100 mm,RENISHAW,A-1047-3485,EXTENSIONES,CENTRO DE PALPADORES Y EXTENSIONES ,EX-002,PROVEEDOR,RENISHAW,NA,NA,100 mm,NA,ALIMINIO,NA,$380.00,$500.00,USD,PIEZA,1,1,
A-1047-3486,BARRA DE EXTENSION LIGERA 200 MM SM-1047-3486,EXTENSION BAR ASSEMBLY 200 mm,RENISHAW,A-1047-3486,EXTENSIONES,CENTRO DE PALPADORES Y EXTENSIONES ,EX-003,PROVEEDOR,RENISHAW,NA,NA,200 mm,NA,ALIMINIO,NA,$399.00,$520.00,USD,PIEZA,1,1,
A-1047-3487,BARRA DE EXTENSION LIGERA 300 MM SM-1047-3487,PEL4 EXT BAR 300 LG ,RENISHAW,A-1047-3487,EXTENSIONES,CENTRO DE PALPADORES Y EXTENSIONES ,EX-004,PROVEEDOR,RENISHAW,NA,NA,300 mm,NA,ALIMINIO,NA,$504.00,$655.20,USD,PIEZA,1,1,
A-5003-0070,"Extensión cerámica M2, L 30 mm SM-5003-0070","Extensión cerámica M2, L 30 mm",RENISHAW,A-5003-0070,EXTENSIONES,CENTRO DE PALPADORES Y EXTENSIONES ,EX-005,PROVEEDOR,RENISHAW,M2,NA,30 mm,NA,Cerámica,NA,$58.00,$75.00,USD,PIEZA,2,10,
A-5003-0072,"Extensión cerámica M2, L 50 mm SM-5003-0072","Extensión cerámica M2, L 50 mm",RENISHAW,A-5003-0072,EXTENSIONES,CENTRO DE PALPADORES Y EXTENSIONES ,EX-006,PROVEEDOR,RENISHAW,M2,NA,50 mm,NA,Cerámica,NA,$42.00,$55.00,USD,PIEZA,2,10,
A-5003-0075,"Extensión cerámica M3, L50 mm SM-5003-0075","Extensión cerámica M3, L50 mm",RENISHAW,A-5003-0075,EXTENSIONES,CENTRO DE PALPADORES Y EXTENSIONES ,EX-007,PROVEEDOR,RENISHAW,M3,NA,50 mm,NA,Cerámica,NA,$58.00,$75.00,USD,PIEZA,2,10,
A-5003-2280,"Extensión de fibra de carbono M2, L 40 mm SM-5003-2280","Extensión de fibra de carbono M2, L 40 mm",RENISHAW,A-5003-2280,EXTENSIONES,CENTRO DE PALPADORES Y EXTENSIONES ,EX-008,PROVEEDOR,RENISHAW,M2,NA,40 mm,NA,Fibra de carbono,NA,$67.90,$80.00,USD,PIEZA,2,10,
A-5003-2281,"Extensión de fibra de carbono M2, L 50 mm SM-5003-2281","Extensión de fibra de carbono M2, L 50 mm",RENISHAW,A-5003-2281,EXTENSIONES,CENTRO DE PALPADORES Y EXTENSIONES ,EX-009,PROVEEDOR,RENISHAW,M2,NA,50 mm,NA,Fibra de carbono,NA,$70.70,$110.00,USD,PIEZA,1,10,
A-5003-2283,"Extensión de fibra de carbono M2, L 90 mm SM-5003-2283","Extensión de fibra de carbono M2, L 90 mm",RENISHAW,A-5003-2283,EXTENSIONES,CENTRO DE PALPADORES Y EXTENSIONES ,EX-010,PROVEEDOR,RENISHAW,M2,NA,90 mm,NA,Fibra de carbono,NA,$77.00,$100.00,USD,PIEZA,2,10,
A-5004-7583,"Extensión de acero inoxidable M3, L 20 mm SM-5004-7583","Extensión de acero inoxidable M3, L 20 mm",RENISHAW,A-5004-7583,EXTENSIONES,CENTRO DE PALPADORES Y EXTENSIONES ,EX-011,PROVEEDOR,RENISHAW,M3,NA,20 mm,NA,Acero inoxidable,NA,$10.50,$15.00,USD,PIEZA,5,10,
A-5004-7584,"Extensión de acero inoxidable M3, L 35 mm SM-5004-7584","Extensión de acero inoxidable M3, L 35 mm",RENISHAW,A-5004-7584,EXTENSIONES,CENTRO DE PALPADORES Y EXTENSIONES ,EX-012,PROVEEDOR,RENISHAW,M3,NA,35 mm,NA,Acero inoxidable,NA,$12.00,$30.00,USD,PIEZA,1,10,
A-5004-7585,"Extensión de acero inoxidable M2, 10 mm SM-5004-7585","Extensión de acero inoxidable M2, 10 mm",RENISHAW,A-5004-7585,EXTENSIONES,CENTRO DE PALPADORES Y EXTENSIONES ,EX-013,PROVEEDOR,RENISHAW,M2,NA,10 mm,NA,Acero inoxidable,NA,$9.10,$15.00,USD,PIEZA,10,10,
A-5004-7586,"Extensión de acero inoxidable M2, L20 mm SM-5004-7586","Extensión de acero inoxidable M2, L20 mm",RENISHAW,A-5004-7586,EXTENSIONES,CENTRO DE PALPADORES Y EXTENSIONES ,EX-014,PROVEEDOR,RENISHAW,M2,NA,20 mm,NA,Acero inoxidable,NA,$10.50,$25.00,USD,PIEZA,10,10,
A-5004-7591,"Extensión de acero inoxidable M2, L 30 mm SM-5004-7591","Extensión de acero inoxidable M2, L 30 mm",RENISHAW,A-5004-7591,EXTENSIONES,CENTRO DE PALPADORES Y EXTENSIONES ,EX-015,PROVEEDOR,RENISHAW,M2,NA,30 mm,NA,Acero inoxidable,NA,$11.90,$20.00,USD,PIEZA,5,10,
A-5004-7592,"Adaptador de acero inoxidable M3 a M2, L 5mm SM-5004-7592","Extensión | Adaptador de acero inoxidable M3 a M2, L 5mm",RENISHAW,A-5004-7592,EXTENSIONES,CENTRO DE PALPADORES Y EXTENSIONES ,EX-016,PROVEEDOR,RENISHAW,M2-M3,NA,5 mm,NA,Acero inoxidable,NA,$9.80,$20.00,USD,PIEZA,5,10,
A-5004-7593,"Adaptador de acero inoxidable M2 a M3, L 7 mm SM-5004-7593","Extensión | Adaptador de acero inoxidable M2 a M3, L 7 mm",RENISHAW,A-5004-7593,EXTENSIONES,CENTRO DE PALPADORES Y EXTENSIONES ,EX-017,PROVEEDOR,RENISHAW,M3-M2,NA,7 mm,NA,Acero inoxidable,NA,$8.40,$15.00,USD,PIEZA,5,10,
A-5004-7595,"Adaptador de acero inoxidable M4 a M2, L 5 mm SM-5004-7595","Adaptador de acero inoxidable M4 a M2, L 5 mm",RENISHAW,A-5004-7595,EXTENSIONES,CENTRO DE PALPADORES Y EXTENSIONES ,EX-018,PROVEEDOR,RENISHAW,M4-M2,NA,5 mm,NA,Acero inoxidable,NA,$22.40,$25.00,USD,PIEZA,3,10,
A-5004-7609,"Extensión de acero inoxidable M3, L 10 mm SM-5004-7609","Extensión de acero inoxidable M3, L 10 mm",RENISHAW,A-5004-7609,EXTENSIONES,CENTRO DE PALPADORES Y EXTENSIONES ,EX-019,PROVEEDOR,RENISHAW,M3,NA,10 mm,NA,Acero inoxidable,NA,$9.10,$20.00,USD,PIEZA,5,10,
A-5004-7610,"Extensión de acero inoxidable M2, L 5 mm SM-5004-7610","Extensión de acero inoxidable M2, L 5 mm",RENISHAW,A-5004-7610,EXTENSIONES,CENTRO DE PALPADORES Y EXTENSIONES ,EX-020,PROVEEDOR,RENISHAW,M2,NA,5 mm,NA,Acero inoxidable,NA,$8.40,$15.00,USD,PIEZA,5,10,
A-5004-7611,"Extensión de acero inoxidable M2, L 40 mm SM-5004-7611","Extensión de acero inoxidable M2, L 40 mm",RENISHAW,A-5004-7611,EXTENSIONES,CENTRO DE PALPADORES Y EXTENSIONES ,EX-021,PROVEEDOR,RENISHAW,M2,NA,40 mm,NA,Acero inoxidable,NA,$13.30,$20.00,USD,PIEZA,5,10,
,,,,,,,,,,,,,,,,,,,,,,
,,,,,,,,,,,,,,,,,,,,,,
,,,,,,,,,,,,,,,,,,,,,,
,,,,,,,,,,,,,,,,,,,,,,
NÚMERO DE PARTE,CODIGO SOPORTE METROLOGY,DESCRIPCIÓN,MARCA,MODELO,CLASIFICACIÓN,UBICACIÓN EN ALMACÉN,EX-008,ORIGEN: (SI LLEGA POR PROVEEDOR O USADO POR EMPRESA),DATOS DE ORIGEN:,ROSCA,DIAMETRO,LARGO,LTU,MATERIAL,MATERIAL DE PUNTA,COSTO UNITARIO,PRECIO DE VENTA,MONEDA,UNIDAD DE MEDIDA,MINIMO EN STOCK,MAXIMOS,COMENTARIOS 
NA,LICENCIA POLYWORKS,LICENCIA POLYWORKS,POLYWORKS,NA,LICENCIAS,C1,SF-001,PROVEEDOR ,INNOVMETRIC ,NA,NA,NA,NA,NA,NA,9327.5 USD,0,USD,Unidades,0,0,BAJO SOLICITUD
NA,PATIN COJINETE DE AIRE 100X35 MM,FLAT ROUND AIR BEARINGS 100X35 mm ,ACCURATE,100x35,PATINES,E5,PT-001,PROVEEDOR,ACCURATE,NA,NA,NA,NA,NA,NA,NA,$700.00,USD,Unidades,2,3,
NA,BOTON PARA CONTROLADOR PANTEC,BOTON ON/OFF CONTROLADOR PANTEC,PANTEC,CONTROLADOR PANTEC,CONTROLADORES,E3,CL-001,PROVEEDOR,PANTEC,NA,NA,NA,NA,NA,NA,NA,NA,USD,Unidades,1,1,
PI4-2,INTERFAZ RENISHAW PI4-2,PROBE INTERFACE PI4-2 ,RENISHAW,PI4-2,CONTROLADORES,E2,CL-006,PROVEEDOR,RENISHAW,NA,NA,NA,NA,NA,NA,NA,NA,USD,Unidades,1,1,
24-CEI-Y2,SAFETY SWITCH | 5A-250V | SENSOR FINES DE CARRERA,SAFETY SWITCH | 5A-250V | SENSOR FINES DE CARRERA,MICRO SWITCH A HONYWELL DIVISION,5A-250V,SENSOR,E1,OT-009,REFACCIONES LCP ,MICRO SWITCH A HONYWELL DIVISION,NA,NA,NA,NA,NA,NA,$15.00,$30.00,USD,Unidades,1,1,
LW24847,ELECTRO VÁLVULA  BOSCH ,ELECTRO VÁLVULA  BOSCH ,LAGERWERK,821302083,CONECTORES,E1,OT-016,PROVEEDOR ,LAGERWERK ,NA,NA,NA,NA,NA,NA,33.64 USD ,$60.00,USD,Unidades,1,1,
649-8655MH0911LF,COMPONENTES DE CABLE SUBMINIATURA D | CARCAZAS DB9,COMPONENTES DE CABLE SUBMINIATURA D | CARCAZAS DB9,MOUSER ELECTRONICS,8655MH0911LF,CONECTORES,CENTRO DE CONECTORES ,CC-001,PROVEEDOR ,MOUSER ELECTRONICS,NA,NA,NA,NA,NA,NA,$10.02,NA,USD,Unidades,6,20,
649-8655MH1511LF,COMPONENTES DE CABLE SUBMINIATURA D | CARCAZAS DB15,COMPONENTES DE CABLE SUBMINIATURA D | CARCAZAS DB15,MOUSER ELECTRONICS,8655MH1511LF,CONECTORES,CENTRO DE CONECTORES ,CC-002,PROVEEDOR ,MOUSER ELECTRONICS,NA,NA,NA,NA,NA,NA,$10.26,NA,USD,Unidades,9,20,
649-8655MH2511LF,COMPONENTES DE CABLE SUBMINIATURA D | CARCAZAS DB25,COMPONENTES DE CABLE SUBMINIATURA D | CARCAZAS DB25,MOUSER ELECTRONICS,8655MH2511LF,CONECTORES,CENTRO DE CONECTORES ,CC-003,PROVEEDOR ,MOUSER ELECTRONICS,NA,NA,NA,NA,NA,NA,$11.53,NA,USD,Unidades,6,20,
649-DA7W2PA00LF,CONECTORES DE CONTACTO COMBINADOS SUBMINIATURA D | CONECTORES PARA MOTORES,CONECTORES DE CONTACTO COMBINADOS SUBMINIATURA D | CONECTORES PARA MOTORES,MOUSER ELECTRONICS,DA7W2PA00LF,CONECTORES,CENTRO DE CONECTORES ,CC-004,PROVEEDOR ,MOUSER ELECTRONICS,NA,NA,NA,NA,NA,NA,$6.10,NA,USD,Unidades,6,20,
523-L777SDE09P,CONECTORES ESTÁNDAR SUBMINIATURA D | DB9 MACHO,CONECTORES ESTÁNDAR SUBMINIATURA D | DB9 MACHO,MOUSER ELECTRONICS,L777SDE09P,CONECTORES,CENTRO DE CONECTORES ,CC-005,PROVEEDOR ,MOUSER ELECTRONICS,NA,NA,NA,NA,NA,NA,$1.17,NA,USD,Unidades,6,20,
523-L777SDA15P,CONECTORES ESTÁNDAR SUBMINIATURA D | DB15 MACHO,CONECTORES ESTÁNDAR SUBMINIATURA D | DB15 MACHO,MOUSER ELECTRONICS,L777SDA15P,CONECTORES,CENTRO DE CONECTORES ,CC-006,PROVEEDOR ,MOUSER ELECTRONICS,NA,NA,NA,NA,NA,NA,$2.56,NA,USD,Unidades,9,20,
523-L777SDB25P,CONECTORES ESTÁNDAR SUBMINIATURA D | DB25 MACHO,CONECTORES ESTÁNDAR SUBMINIATURA D | DB25 MACHO,MOUSER ELECTRONICS,L777SDB25P,CONECTORES,CENTRO DE CONECTORES ,CC-007,PROVEEDOR ,MOUSER ELECTRONICS,NA,NA,NA,NA,NA,NA,$3.30,NA,USD,Unidades,6,20,
523-L177SDE09S,CONECTORES ESTÁNDAR SUBMINIATURA D | DB9 HEMBRA,CONECTORES ESTÁNDAR SUBMINIATURA D | DB9 HEMBRA,MOUSER ELECTRONICS,L177SDE09S,CONECTORES,CENTRO DE CONECTORES ,CC-008,PROVEEDOR ,MOUSER ELECTRONICS,NA,NA,NA,NA,NA,NA,$1.11,NA,USD,Unidades,6,20,
523-L177SDA15S,CONECTORES ESTÁNDAR SUBMINIATURA D | DB15 HEMBRA,CONECTORES ESTÁNDAR SUBMINIATURA D | DB15 HEMBRA,MOUSER ELECTRONICS,L177SDA15S,CONECTORES,CENTRO DE CONECTORES ,CC-009,PROVEEDOR ,MOUSER ELECTRONICS,NA,NA,NA,NA,NA,NA,$1.43,NA,USD,Unidades,9,20,
523-L17DM537451,CONECTORES ESTÁNDAR SUBMINIATURA D | PINES PARA MOTOR,CONECTORES ESTÁNDAR SUBMINIATURA D | PINES PARA MOTOR,MOUSER ELECTRONICS,L17DM537451,CONECTORES,CENTRO DE CONECTORES ,CC-010,PROVEEDOR ,MOUSER ELECTRONICS,NA,NA,NA,NA,NA,NA,$3.72,NA,USD,Unidades,6,30,
568-NYS322,CONECTORES ESTÁNDAR SUBMINIATURA D | 5 DIN MACHO,CONECTORES ESTÁNDAR SUBMINIATURA D | 5 DIN MACHO,MOUSER ELECTRONICS,NYS322,CONECTORES,CENTRO DE CONECTORES ,CC-011,PROVEEDOR ,MOUSER ELECTRONICS,NA,NA,NA,NA,NA,NA,$2.05,NA,USD,Unidades,6,20,
706-163A16619X,CONECTORES DE ALTA DENSIDAD SUBMINIATURA D | DB44 MACHO,CONECTORES DE ALTA DENSIDAD SUBMINIATURA D | DB44 MACHO,MOUSER ELECTRONICS,163A16619X,CONECTORES,CENTRO DE CONECTORES ,CC-012,PROVEEDOR ,MOUSER ELECTRONICS,NA,NA,NA,NA,NA,NA,$2.00,NA,USD,Unidades,6,20,
595-UC3638N,TI MOTOR_/MOTION/IGNITION CONTROLLERS&DRIVERS ADVANCED PWM MOTOR,TI MOTOR_/MOTION/IGNITION CONTROLLERS&DRIVERS ADVANCED PWM MOTOR,MOUSER ELECTRONICS,UC3638N,CONECTORES,CENTRO DE CONECTORES ,CC-013,PROVEEDOR ,MOUSER ELECTRONICS,NA,NA,NA,NA,NA,NA,$10.00,NA,USD,Unidades,1,1,
693-0031.3573,SOCKET FAU 5X20,SOCKET FAU 5X20,MOUSER ELECTRONICS,31.3573,CONECTORES,CENTRO DE CONECTORES ,CC-014,PROVEEDOR ,MOUSER ELECTRONICS,NA,NA,NA,NA,NA,NA,$10.00,NA,USD,Unidades,2,6,
655-V23026A1001B201,CONECTOR 5VDC,CONECTOR 5VDC,MOUSER ELECTRONICS,V23026A1001B201,CONECTORES,CENTRO DE CONECTORES ,CC-015,PROVEEDOR ,MOUSER ELECTRONICS,NA,NA,NA,NA,NA,NA,$10.00,NA,USD,Unidades,5,10,
523-L77SDBH25S,CONECTORES ESTÁNDAR SUBMINIATURA D | DB25 HEMBRA,CONECTORES ESTÁNDAR SUBMINIATURA D | DB25 HEMBRA,MOUSER ELECTRONICS,L777SDB25P,CONECTORES,CENTRO DE CONECTORES ,CC-016,PROVEEDOR ,MOUSER ELECTRONICS,NA,NA,NA,NA,NA,NA,$3.00,NA,USD,Unidades,6,25,
798-DF11-14DP-2DSA08,ALOJAMIENTOS DE CABLES Y CABECERA,ALOJAMIENTOS DE CABLES Y CABECERA,MOUSER ELECTRONICS,DF11-14DP-2DSA,CONECTORES,CENTRO DE CONECTORES ,CC-017,PROVEEDOR ,MOUSER ELECTRONICS,NA,NA,NA,NA,NA,NA,$10.00,NA,USD,Unidades,1,1,
B10K,POTENCIOMETROS B10K,POTENCIOMETROS B10K,NA,10K,CONECTORES,CENTRO DE CONECTORES ,CC-018,PROVEEDOR ,NA,NA,NA,NA,NA,NA,NA,$10.00,NA,USD,Unidades,1,1,
673-P0353NL,FILTERS SMD COMMIN MODE CHOKE | BOBINA PARA TARJETA SUPERIIOR,FILTERS SMD COMMIN MODE CHOKE | BOBINA PARA TARJETA SUPERIIOR,MOUSER ELECTRONICS,P0353NL,CONECTORES,CENTRO DE CONECTORES ,CC-019,PROVEEDOR ,MOUSER ELECTRONICS,NA,NA,NA,NA,NA,NA,$10.00,NA,USD,Unidades,1,1,
70000050607000,SERVO DRIVE MINI MAESTRO 60X14/28 (LK2000),SERVO DRIVE MINI MAESTRO 60X14/28 (LK2000),CONTROL TECHNIQUES,60X14/28,TARJETAS,D2,TJ-001,EMPRESA,GM TOLUCA,NA,NA,NA,NA,NA,NA,$460.00,NA,USD,Unidades,1,1,
G56116501,Tarjeta PWM / 160 DEA ,Tarjeta PWM / 160 DEA | Para bravos  control F1,DEA,60X14/28,TARJETAS,D2,TJ-002,EMPRESA,FCA TOLUCA ,NA,NA,NA,NA,NA,NA,$460.00,NA,USD,Unidades,1,1,
AKS2239A,TARJETA AJUSTE LECTOR HEIDENHEIN ANALOGICO,TARJETA AJUSTE LECTOR HEIDENHEIN ANALOGICO,DEA,LECTOR HEIDENHEIN,TARJETAS,D2,TJ-003,REFACCIONES LCP,REFACCIONES LCP ,NA,NA,NA,NA,NA,NA,$460.00,NA,USD,Unidades,1,1,
G58712105,TARJETA EXTENSORAS BRAVO CONTRO F HEXAGON METROLOGY (DIGITAL),TARJETA EXTENSORAS BRAVO CONTRO F HEXAGON METROLOGY (DIGITAL),DEA,TARJETA EXTENSORAS,TARJETAS,D2,TJ-004,REFACCIONES LCP,REFACCIONES LCP ,NA,NA,NA,NA,NA,NA,$460.00,NA,USD,Unidades,1,1,
B9418AB NM27C256Q200,EPROMS LEV 3-F V.12,EPROMS LEV 3-F V.12,NA,LEV 3-F V.12,TARJETAS,D2,TJ-005,REFACCIONES LCP,REFACCIONES LCP ,NA,NA,NA,NA,NA,NA,$460.00,NA,USD,Unidades,1,1,
5V.12V,FUENTE DE PODER 5V | 12V,FUENTE DE PODER 5V | 12V,BTC 11V0,5V,TARJETAS,D3,TJ-006,NA,NA,NA,NA,NA,NA,NA,NA,$460.00,NA,USD,Unidades,1,1,
NLP65-7610,"Fuente de Poder PWM control p/ Tutor 5V,15V,-15V 65W","Fuente de Poder PWM control p/ Tutor 5V,15V,-15V 65W",NA,TUTOR 5V,TARJETAS,D3,TJ-007,REFACCIONES LCP,REFACCIONES LCP ,NA,NA,NA,NA,NA,NA,$460.00,NA,USD,Unidades,1,1,
G51073300,"FUENTE DE VOLTAJE DE CONTROL B6C. ORIGEN BENTELER, REPARADA CON POWERBOX, SIN PRUEBA","FUENTE DE VOLTAJE DE CONTROL B6C. ORIGEN BENTELER, REPARADA CON POWERBOX, SIN PRUEBA",DEA,CONTROL B6C.,TARJETAS,D3,TJ-008,EMPRESA,BENTELER ,NA,NA,NA,NA,NA,NA,$460.00,NA,USD,Unidades,1,1,
1336017731,Magnetic Contactor CC32S / D24 / 2N02NC,Magnetic Contactor CC32S / D24 / 2N02NC,CARLO GAVAZZI,2N02NC,TARJETAS,D3,TJ-009,REFACCIONES LCP,REFACCIONES LCP ,NA,NA,NA,NA,NA,NA,$460.00,NA,USD,Unidades,1,1,
800-175B,Tarjeta Copley controls corp. 180-405-276-1,Tarjeta Copley controls corp. 180-405-276-1,Copley controls corp.,COPLEY,TARJETAS,D2,TJ-010,REFACCIONES LCP,REFACCIONES LCP ,NA,NA,NA,NA,NA,NA,$460.00,NA,USD,Unidades,1,1,
G17330700,Tarjeta DEA,Tarjeta DEA,DEA,DEA,TARJETAS,D2,TJ-011,REFACCIONES LCP,REFACCIONES LCP ,NA,NA,NA,NA,NA,NA,$460.00,NA,USD,Unidades,1,1,
G59776300-1-2-3,Tarjeta DEA control F1,Tarjeta DEA control F1,AXIS DISTRIBUTION BOARD,DEA  F1,TARJETAS,D2,TJ-012,REFACCIONES LCP,REFACCIONES LCP ,NA,NA,NA,NA,NA,NA,$460.00,NA,USD,Unidades,1,1,
G56113602-3-4-5,Tarjeta Lev 2 control F1 (A PRUEBA/NO ESTATUS),Tarjeta Lev 2 control F1 (A PRUEBA/NO ESTATUS),DEA,LEV.2.F1,TARJETAS,D2,TJ-013,REFACCIONES LCP,REFACCIONES LCP ,NA,NA,NA,NA,NA,NA,$460.00,NA,USD,Unidades,1,1,
NFS50-9336,Tarjeta NFS50-9336,Tarjeta NFS50-9336,Computer products,NFS50-9336,TARJETAS,D2,TJ-014,REFACCIONES LCP,REFACCIONES LCP ,NA,NA,NA,NA,NA,NA,$460.00,NA,USD,Unidades,1,1,
G561170-01-02-03-04,Tarjeta XT3 DEA control F,Tarjeta XT3 DEA control F,DEA,XT3 DEA,TARJETAS,D2,TJ-015,REFACCIONES LCP,REFACCIONES LCP ,NA,NA,NA,NA,NA,NA,$460.00,NA,USD,Unidades,1,1,
80-410-206,Tarjetas Analógica XYZ para CMM Xcel (usadas y funcionales),Tarjetas Analógica XYZ para CMM Xcel (usadas y funcionales),Brown&Sharpe,ANALÓGICA XYZ,TARJETAS,D3,TJ-016,REFACCIONES LCP,REFACCIONES LCP ,NA,NA,NA,NA,NA,NA,$460.00,NA,USD,Unidades,1,1,
967-SWT65-5FF,TARJETA TDK-LAMBDA 64.5W 5V 15V 6A,TARJETA TDK-LAMBDA 64.5W 5V 15V 6A,MOUSER ELECTRONICS,SWT65-5FF,TARJETAS,D3,TJ-017,PROVEEDOR,MOUSER ELECTRONICS,NA,NA,NA,NA,NA,NA,$460.00,NA,USD,Unidades,1,1,
OBN01316C,Powerbox,Powerbox,Medline,200W,TARJETAS,D3,TJ-018,PROVEEDOR,VALTER ALESSO,NA,NA,NA,NA,NA,NA,$125.00,NA,USD,Unidades,2,6,
LK2000,Servo drives para control LK2000 | EJE X /Y/Z,Servo drives para control LK2000 | EJE X /Y/Z,NA,EJE X,TARJETAS,D3,TJ-019,REFACCIONES LCP,REFACCIONES LCP ,NA,NA,NA,NA,NA,NA,$460.00,NA,USD,Unidades,1,1,
4308,Tarjeta conteo bravo 4308 close estructure,Tarjeta conteo bravo 4308 close estructure,DEA 2500-02,CLOSE ESTRUCTURE,TARJETAS,K4,TJ-020,REFACCIONES LCP,REFACCIONES LCP ,NA,NA,NA,NA,NA,NA,$460.00,NA,USD,Unidades,1,1,
33506,Tarjeta interface SP25/600,Tarjeta interface SP25/600,PANTEC,SP25/600,TARJETAS,K4,TJ-021,REFACCIONES LCP,REFACCIONES LCP ,NA,NA,NA,NA,NA,NA,$460.00,NA,USD,Unidades,1,1,
B6CS,Tarjerta fuente de voltaje rack secundario de control B6CS (ESTAMPADOS TOLUCA),Tarjerta fuente de voltaje rack secundario de control B6CS (ESTAMPADOS TOLUCA),NA,CONTROL B6CS,TARJETAS,K5,TJ-022,EMPRESA,FCA ESTAMPADOS,NA,NA,NA,NA,NA,NA,$460.00,NA,USD,Unidades,1,1,
G56117005,TARJETA DEA-BROWN & SHARPE SPA | ,TARJETA DEA-BROWN & SHARPE SPA | ,BROWN & SHARPE,G56117005,TARJETAS,K2,TJ-023,EMPRESA,FCA TOLUCA ,NA,NA,NA,NA,NA,NA,$460.00,NA,USD,Unidades,1,1,
G56117701,TARJETA DEA-BROWN & SHARPE SPA | ,TARJETA DEA-BROWN & SHARPE SPA | ,BROWN & SHARPE,G56117701,TARJETAS,K2,TJ-024,EMPRESA,FCA TOLUCA ,NA,NA,NA,NA,NA,NA,$460.00,NA,USD,Unidades,1,1,
G56211002,TARJETA DEA-BROWN & SHARPE SPA | ,TARJETA DEA-BROWN & SHARPE SPA | ,BROWN & SHARPE,G56211002,TARJETAS,K2,TJ-025,EMPRESA,FCA TOLUCA ,NA,NA,NA,NA,NA,NA,$460.00,NA,USD,Unidades,1,1,
G56116502,TARJETA DEA-BROWN & SHARPE SPA | ,TARJETA DEA-BROWN & SHARPE SPA | ,BROWN & SHARPE,G56116502,TARJETAS,K2,TJ-026,EMPRESA,FCA TOLUCA ,NA,NA,NA,NA,NA,NA,$460.00,NA,USD,Unidades,1,1,
G51506304-05-06-07,TARJETA DEA,TARJETA DEA,DEA,G51506304-05-06-07,TARJETAS,K2,TJ-027,EMPRESA,FCA TOLUCA ,NA,NA,NA,NA,NA,NA,$460.00,NA,USD,Unidades,1,1,
G56128703-04-05-06 / G56136200-01-02-03,TARJETA DE SUPERIOR DEA G56128703-04-05-06,TARJETA DE SUPERIOR DEA G56128703-04-05-06,DEA,G56128703-04-05-06,TARJETAS,D3,TJ-028,EMPRESA,SUPERIOR,NA,NA,NA,NA,NA,NA,$460.00,NA,USD,Unidades,1,1,
DEA G51516101-02-03-04,Tarjeta  PWM para control B3P-L2 ó B3C,Tarjeta  PWM para control B3P-L2 ó B3C,DEA,B3P-L2/B3C,TARJETAS,D3,TJ-029,EMPRESA,SUPERIOR,NA,NA,NA,NA,NA,NA,$460.00,NA,USD,Unidades,1,1,
MT3528-523CF,SERVO MOTOR SM-MT3528-523CF,PM SERVO MOTOR,SL-MTI | PM SERVO MOTOR,MT3528-523CF,MOTORES & TRANSMISIONES,B2,MR-017,PROVEEDOR,NRI INDUSTRIAL,NA,NA,NA,NA,NA,NA,$168.71,800,USD,Unidades,1,2,
NA,ESCALA RSF,ESCALA RSF,RSF,RSF,ESCALA,A1,EC-001,NA,NA,NA,NA,NA,NA,NA,NA,NA,NA,USD,Unidades,1,1,
NA,ESCALA CON LECTOR DEA,ESCALA CON LECTOR DEA,DEA,DEA,ESCALA,A1,EC-002,NA,NA,NA,NA,NA,NA,NA,NA,NA,NA,USD,Unidades,1,1,
D771G9999696 MSA670,ESCALA DE CRISTAL RFS ELECTRONIKS ,ESCALA DE CRISTAL RFS ELECTRONIKS ,RSF ELECTRONIKS,D771G9999696 MSA670,ESCALA,ESPECIAL1 ,EC-003,NA,NA,NA,NA,NA,NA,NA,NA,NA,NA,USD,Unidades,1,1,
NA,ESCALA GHIBLI,ESCALA GHIBLI,DEA,GHIBLI,ESCALA,A1,EC-004,NA,NA,NA,NA,NA,NA,NA,NA,NA,NA,USD,Unidades,1,1,
4308-095,ESCALA HEIDENHEIN EJE X 4308-095 TAP,ESCALA HEIDENHEIN EJE X 4308-095 TAP,HEINDENHEIN,4308-095 TAP,ESCALA,A1,EC-005,NA,NA,NA,NA,NA,NA,NA,NA,NA,NA,USD,Unidades,1,1,
A-9523-8020-03,METRO DE ESCALA RENISHAW RGS20  PARA CMM ,RGS20-S SCALE 20M LONG SCALE / ADHSIVE POLY,RENISHAW,20000 mm,ESCALA,A1,EC-009,PROVEEDOR,RENISHAW,NA,NA,NA,NA,NA,NA,NA,$450.00,USD,Unidades,20000 mm,40000 mm,
